"","clo","top","vel","rh","met","pmv"
"1",0,27,0,50,0.8,-2.55
"2",0,27,0.1,50,0.8,-2.55
"3",0,28,0,50,0.8,-1.74
"4",0,28,0.1,50,0.8,-1.76
"5",0,28,0.15,50,0.8,-2.23
"6",0,28,0.2,50,0.8,-2.62
"7",0,29,0,50,0.8,-0.93
"8",0,29,0.1,50,0.8,-1.02
"9",0,29,0.15,50,0.8,-1.42
"10",0,29,0.2,50,0.8,-1.75
"11",0,30,0,50,0.8,-0.14
"12",0,30,0.1,50,0.8,-0.28
"13",0,30,0.15,50,0.8,-0.6
"14",0,30,0.2,50,0.8,-0.88
"15",0,31,0,50,0.8,0.63
"16",0,31,0.1,50,0.8,0.46
"17",0,31,0.15,50,0.8,0.21
"18",0,31,0.2,50,0.8,0.01
"19",0,32,0,50,0.8,1.39
"20",0,32,0.1,50,0.8,1.21
"21",0,32,0.15,50,0.8,1.04
"22",0,32,0.2,50,0.8,0.89
"23",0,33,0,50,0.8,2.12
"24",0,33,0.1,50,0.8,1.97
"25",0,33,0.15,50,0.8,1.87
"26",0,33,0.2,50,0.8,1.78
"27",0,34,0.1,50,0.8,2.73
"28",0,34,0.15,50,0.8,2.71
"29",0,34,0.2,50,0.8,2.68
"30",0.25,26,0,50,0.8,-1.92
"31",0.25,26,0.1,50,0.8,-1.94
"32",0.25,26,0.15,50,0.8,-2.229
"33",0.25,26,0.2,50,0.8,-2.57
"34",0.25,27,0,50,0.8,-1.3
"35",0.25,27,0.1,50,0.8,-1.36
"36",0.25,27,0.15,50,0.8,-1.67
"37",0.25,27,0.2,50,0.8,-1.92
"38",0.25,27,0.3,50,0.8,-2.31
"39",0.25,27,0.4,50,0.8,-2.62
"40",0.25,28,0,50,0.8,-0.69
"41",0.25,28,0.1,50,0.8,-0.78
"42",0.25,28,0.15,50,0.8,-1.05
"43",0.25,28,0.2,50,0.8,-1.26
"44",0.25,28,0.3,50,0.8,-1.6
"45",0.25,28,0.4,50,0.8,-1.87
"46",0.25,28,0.5,50,0.8,-2.1
"47",0.25,28,1,50,0.8,-2.89
"48",0.25,29,0,50,0.8,-0.08
"49",0.25,29,0.1,50,0.8,-0.2
"50",0.25,29,0.15,50,0.8,-0.42
"51",0.25,29,0.2,50,0.8,-0.6
"52",0.25,29,0.3,50,0.8,-0.89
"53",0.25,29,0.4,50,0.8,-1.12
"54",0.25,29,0.5,50,0.8,-1.31
"55",0.25,29,1,50,0.8,-1.97
"56",0.25,30,0,50,0.8,0.53
"57",0.25,30,0.1,50,0.8,0.39
"58",0.25,30,0.15,50,0.8,0.21
"59",0.25,30,0.2,50,0.8,0.06
"60",0.25,30,0.3,50,0.8,-0.17
"61",0.25,30,0.4,50,0.8,-0.36
"62",0.25,30,0.5,50,0.8,-0.51
"63",0.25,30,1,50,0.8,-1.05
"64",0.25,31,0,50,0.8,1.12
"65",0.25,31,0.1,50,0.8,0.99
"66",0.25,31,0.15,50,0.8,0.84
"67",0.25,31,0.2,50,0.8,0.73
"68",0.25,31,0.3,50,0.8,0.55
"69",0.25,31,0.4,50,0.8,0.41
"70",0.25,31,0.5,50,0.8,0.29
"71",0.25,31,1,50,0.8,-0.13
"72",0.25,32,0,50,0.8,1.71
"73",0.25,32,0.1,50,0.8,1.58
"74",0.25,32,0.15,50,0.8,1.49
"75",0.25,32,0.2,50,0.8,1.41
"76",0.25,32,0.3,50,0.8,1.28
"77",0.25,32,0.4,50,0.8,1.18
"78",0.25,32,0.5,50,0.8,1.09
"79",0.25,32,1,50,0.8,0.8
"80",0.25,33,0,50,0.8,2.29
"81",0.25,33,0.1,50,0.8,2.19
"82",0.25,33,0.15,50,0.8,2.13
"83",0.25,33,0.2,50,0.8,2.08
"84",0.25,33,0.3,50,0.8,2.01
"85",0.25,33,0.4,50,0.8,1.95
"86",0.25,33,0.5,50,0.8,1.9
"87",0.25,33,1,50,0.8,1.73
"88",0.5,25,0,50,0.8,-1.54
"89",0.5,25,0.1,50,0.8,-1.59
"90",0.5,25,0.15,50,0.8,-1.84
"91",0.5,25,0.2,50,0.8,-2.04
"92",0.5,25,0.3,50,0.8,-2.34
"93",0.5,25,0.4,50,0.8,-2.57
"94",0.5,26,0,50,0.8,-1.04
"95",0.5,26,0.1,50,0.8,-1.12
"96",0.5,26,0.15,50,0.8,-1.34
"97",0.5,26,0.2,50,0.8,-1.51
"98",0.5,26,0.3,50,0.8,-1.78
"99",0.5,26,0.4,50,0.8,-1.98
"100",0.5,26,0.5,50,0.8,-2.15
"101",0.5,27,0,50,0.8,-0.55
"102",0.5,27,0.1,50,0.8,-0.64
"103",0.5,27,0.15,50,0.8,-0.83
"104",0.5,27,0.2,50,0.8,-0.98
"105",0.5,27,0.3,50,0.8,-1.22
"106",0.5,27,0.4,50,0.8,-1.4
"107",0.5,27,0.5,50,0.8,-1.54
"108",0.5,27,1,50,0.8,-2.03
"109",0.5,28,0,50,0.8,-0.05
"110",0.5,28,0.1,50,0.8,-0.15
"111",0.5,28,0.15,50,0.8,-0.32
"112",0.5,28,0.2,50,0.8,-0.46
"113",0.5,28,0.3,50,0.8,-0.65
"114",0.5,28,0.4,50,0.8,-0.81
"115",0.5,28,0.5,50,0.8,-0.93
"116",0.5,28,1,50,0.8,-1.35
"117",0.5,29,0,50,0.8,0.45
"118",0.5,29,0.1,50,0.8,0.34
"119",0.5,29,0.15,50,0.8,0.2
"120",0.5,29,0.2,50,0.8,0.09
"121",0.5,29,0.3,50,0.8,-0.09
"122",0.5,29,0.4,50,0.8,-0.22
"123",0.5,29,0.5,50,0.8,-0.32
"124",0.5,29,1,50,0.8,-0.67
"125",0.5,30,0,50,0.8,0.94
"126",0.5,30,0.1,50,0.8,0.83
"127",0.5,30,0.15,50,0.8,0.72
"128",0.5,30,0.2,50,0.8,0.63
"129",0.5,30,0.3,50,0.8,0.49
"130",0.5,30,0.4,50,0.8,0.38
"131",0.5,30,0.5,50,0.8,0.29
"132",0.5,30,1,50,0.8,0.01
"133",0.5,31,0,50,0.8,1.44
"134",0.5,31,0.1,50,0.8,1.33
"135",0.5,31,0.15,50,0.8,1.24
"136",0.5,31,0.2,50,0.8,1.17
"137",0.5,31,0.3,50,0.8,1.06
"138",0.5,31,0.4,50,0.8,0.98
"139",0.5,31,0.5,50,0.8,0.91
"140",0.5,31,1,50,0.8,0.69
"141",0.5,32,0,50,0.8,1.92
"142",0.5,32,0.1,50,0.8,1.83
"143",0.5,32,0.15,50,0.8,1.76
"144",0.5,32,0.2,50,0.8,1.71
"145",0.5,32,0.3,50,0.8,1.64
"146",0.5,32,0.4,50,0.8,1.58
"147",0.5,32,0.5,50,0.8,1.54
"148",0.5,32,1,50,0.8,1.38
"149",0.75,24,0,50,0.8,-1.26
"150",0.75,24,0.1,50,0.8,-1.31
"151",0.75,24,0.15,50,0.8,-1.51
"152",0.75,24,0.2,50,0.8,-1.65
"153",0.75,24,0.3,50,0.8,-1.87
"154",0.75,24,0.4,50,0.8,-2.03
"155",0.75,24,0.5,50,0.8,-2.17
"156",0.75,25,0,50,0.8,-0.84
"157",0.75,25,0.1,50,0.8,-0.91
"158",0.75,25,0.15,50,0.8,-1.08
"159",0.75,25,0.2,50,0.8,-1.21
"160",0.75,25,0.3,50,0.8,-1.41
"161",0.75,25,0.4,50,0.8,-1.56
"162",0.75,25,0.5,50,0.8,-1.67
"163",0.75,25,1,50,0.8,-2.05
"164",0.75,26,0,50,0.8,-0.42
"165",0.75,26,0.1,50,0.8,-0.51
"166",0.75,26,0.15,50,0.8,-0.66
"167",0.75,26,0.2,50,0.8,-0.77
"168",0.75,26,0.3,50,0.8,-0.95
"169",0.75,26,0.4,50,0.8,-1.08
"170",0.75,26,0.5,50,0.8,-1.18
"171",0.75,26,1,50,0.8,-1.52
"172",0.75,27,0,50,0.8,-0.01
"173",0.75,27,0.1,50,0.8,-0.1
"174",0.75,27,0.15,50,0.8,-0.23
"175",0.75,27,0.2,50,0.8,-0.33
"176",0.75,27,0.3,50,0.8,-0.49
"177",0.75,27,0.4,50,0.8,-0.6
"178",0.75,27,0.5,50,0.8,-0.69
"179",0.75,27,1,50,0.8,-0.98
"180",0.75,28,0,50,0.8,0.41
"181",0.75,28,0.1,50,0.8,0.32
"182",0.75,28,0.15,50,0.8,0.2
"183",0.75,28,0.2,50,0.8,0.11
"184",0.75,28,0.3,50,0.8,-0.02
"185",0.75,28,0.4,50,0.8,-0.12
"186",0.75,28,0.5,50,0.8,-0.19
"187",0.75,28,1,50,0.8,-0.45
"188",0.75,29,0,50,0.8,0.83
"189",0.75,29,0.1,50,0.8,0.73
"190",0.75,29,0.15,50,0.8,0.63
"191",0.75,29,0.2,50,0.8,0.56
"192",0.75,29,0.3,50,0.8,0.45
"193",0.75,29,0.4,50,0.8,0.37
"194",0.75,29,0.5,50,0.8,0.3
"195",0.75,29,1,50,0.8,0.09
"196",0.75,30,0,50,0.8,1.25
"197",0.75,30,0.1,50,0.8,1.15
"198",0.75,30,0.15,50,0.8,1.07
"199",0.75,30,0.2,50,0.8,1.01
"200",0.75,30,0.3,50,0.8,0.93
"201",0.75,30,0.4,50,0.8,0.86
"202",0.75,30,0.5,50,0.8,0.81
"203",0.75,30,1,50,0.8,0.63
"204",0.75,31,0,50,0.8,1.66
"205",0.75,31,0.1,50,0.8,1.57
"206",0.75,31,0.15,50,0.8,1.51
"207",0.75,31,0.2,50,0.8,1.47
"208",0.75,31,0.3,50,0.8,1.4
"209",0.75,31,0.4,50,0.8,1.35
"210",0.75,31,0.5,50,0.8,1.31
"211",0.75,31,1,50,0.8,1.18
"212",1,23,0,50,0.8,-1.06
"213",1,23,0.1,50,0.8,-1.12
"214",1,23,0.15,50,0.8,-1.28
"215",1,23,0.2,50,0.8,-1.39
"216",1,23,0.3,50,0.8,-1.56
"217",1,23,0.4,50,0.8,-1.68
"218",1,23,0.5,50,0.8,-1.78
"219",1,23,1,50,0.8,-2.08
"220",1,24,0,50,0.8,-0.71
"221",1,24,0.1,50,0.8,-0.77
"222",1,24,0.15,50,0.8,-0.91
"223",1,24,0.2,50,0.8,-1.02
"224",1,24,0.3,50,0.8,-1.17
"225",1,24,0.4,50,0.8,-1.28
"226",1,24,0.5,50,0.8,-1.37
"227",1,24,1,50,0.8,-1.65
"228",1,25,0,50,0.8,-0.35
"229",1,25,0.1,50,0.8,-0.42
"230",1,25,0.15,50,0.8,-0.54
"231",1,25,0.2,50,0.8,-0.64
"232",1,25,0.3,50,0.8,-0.78
"233",1,25,0.4,50,0.8,-0.88
"234",1,25,0.5,50,0.8,-0.96
"235",1,25,1,50,0.8,-1.21
"236",1,26,0,50,0.8,0.01
"237",1,26,0.1,50,0.8,-0.06
"238",1,26,0.15,50,0.8,-0.17
"239",1,26,0.2,50,0.8,-0.26
"240",1,26,0.3,50,0.8,-0.38
"241",1,26,0.4,50,0.8,-0.47
"242",1,26,0.5,50,0.8,-0.555
"243",1,26,1,50,0.8,-0.76
"244",1,27,0,50,0.8,0.37
"245",1,27,0.1,50,0.8,0.29
"246",1,27,0.15,50,0.8,0.2
"247",1,27,0.2,50,0.8,0.12
"248",1,27,0.3,50,0.8,0.01
"249",1,27,0.4,50,0.8,-0.06
"250",1,27,0.5,50,0.8,-0.13
"251",1,27,1,50,0.8,-0.32
"252",1,28,0,50,0.8,0.74
"253",1,28,0.1,50,0.8,0.66
"254",1,28,0.15,50,0.8,0.57
"255",1,28,0.2,50,0.8,0.51
"256",1,28,0.3,50,0.8,0.41
"257",1,28,0.4,50,0.8,0.35
"258",1,28,0.5,50,0.8,0.3
"259",1,28,1,50,0.8,0.13
"260",1,29,0,50,0.8,1.1
"261",1,29,0.1,50,0.8,1.02
"262",1,29,0.15,50,0.8,0.95
"263",1,29,0.2,50,0.8,0.9
"264",1,29,0.3,50,0.8,0.82
"265",1,29,0.4,50,0.8,0.76
"266",1,29,0.5,50,0.8,0.72
"267",1,29,1,50,0.8,0.58
"268",1,30,0,50,0.8,1.46
"269",1,30,0.1,50,0.8,1.39
"270",1,30,0.15,50,0.8,1.33
"271",1,30,0.2,50,0.8,1.29
"272",1,30,0.3,50,0.8,1.22
"273",1,30,0.4,50,0.8,1.18
"274",1,30,0.5,50,0.8,1.14
"275",1,30,1,50,0.8,1.03
"276",1.5,18,0,50,0.8,-1.67
"277",1.5,18,0.1,50,0.8,-1.7
"278",1.5,18,0.15,50,0.8,-1.84
"279",1.5,18,0.2,50,0.8,-1.93
"280",1.5,18,0.3,50,0.8,-2.07
"281",1.5,18,0.4,50,0.8,-2.17
"282",1.5,18,0.5,50,0.8,-2.25
"283",1.5,18,1,50,0.8,-2.49
"284",1.5,20,0,50,0.8,-1.11
"285",1.5,20,0.1,50,0.8,-1.16
"286",1.5,20,0.15,50,0.8,-1.27
"287",1.5,20,0.2,50,0.8,-1.36
"288",1.5,20,0.3,50,0.8,-1.48
"289",1.5,20,0.4,50,0.8,-1.57
"290",1.5,20,0.5,50,0.8,-1.63
"291",1.5,20,1,50,0.8,-1.84
"292",1.5,22,0,50,0.8,-0.55
"293",1.5,22,0.1,50,0.8,-0.6
"294",1.5,22,0.15,50,0.8,-0.7
"295",1.5,22,0.2,50,0.8,-0.77
"296",1.5,22,0.3,50,0.8,-0.88
"297",1.5,22,0.4,50,0.8,-0.95
"298",1.5,22,0.5,50,0.8,-1.01
"299",1.5,22,1,50,0.8,-1.18
"300",1.5,24,0,50,0.8,0.02
"301",1.5,24,0.1,50,0.8,-0.04
"302",1.5,24,0.15,50,0.8,-0.12
"303",1.5,24,0.2,50,0.8,-0.18
"304",1.5,24,0.3,50,0.8,-0.27
"305",1.5,24,0.4,50,0.8,-0.33
"306",1.5,24,0.5,50,0.8,-0.38
"307",1.5,24,1,50,0.8,-0.52
"308",1.5,26,0,50,0.8,0.6
"309",1.5,26,0.1,50,0.8,0.53
"310",1.5,26,0.15,50,0.8,0.46
"311",1.5,26,0.2,50,0.8,0.42
"312",1.5,26,0.3,50,0.8,0.35
"313",1.5,26,0.4,50,0.8,0.3
"314",1.5,26,0.5,50,0.8,0.26
"315",1.5,26,1,50,0.8,0.15
"316",1.5,28,0,50,0.8,1.17
"317",1.5,28,0.1,50,0.8,1.11
"318",1.5,28,0.15,50,0.8,1.06
"319",1.5,28,0.2,50,0.8,1.02
"320",1.5,28,0.3,50,0.8,0.97
"321",1.5,28,0.4,50,0.8,0.94
"322",1.5,28,0.5,50,0.8,0.91
"323",1.5,28,1,50,0.8,0.82
"324",1.5,30,0,50,0.8,1.76
"325",1.5,30,0.1,50,0.8,1.7
"326",1.5,30,0.15,50,0.8,1.67
"327",1.5,30,0.2,50,0.8,1.64
"328",1.5,30,0.3,50,0.8,1.61
"329",1.5,30,0.4,50,0.8,1.58
"330",1.5,30,0.5,50,0.8,1.57
"331",1.5,30,1,50,0.8,1.51
"332",1.5,32,0,50,0.8,2.34
"333",1.5,32,0.1,50,0.8,2.3
"334",1.5,32,0.15,50,0.8,2.28
"335",1.5,32,0.2,50,0.8,2.27
"336",1.5,32,0.3,50,0.8,2.26
"337",1.5,32,0.4,50,0.8,2.24
"338",1.5,32,0.5,50,0.8,2.23
"339",1.5,32,1,50,0.8,2.2
"340",2,14,0,50,0.8,-1.84
"341",2,14,0.1,50,0.8,-1.87
"342",2,14,0.15,50,0.8,-1.98
"343",2,14,0.2,50,0.8,-2.06
"344",2,14,0.3,50,0.8,-2.18
"345",2,14,0.4,50,0.8,-2.26
"346",2,14,0.5,50,0.8,-2.32
"347",2,14,1,50,0.8,-2.49
"348",2,16,0,50,0.8,-1.39
"349",2,16,0.1,50,0.8,-1.43
"350",2,16,0.15,50,0.8,-1.52
"351",2,16,0.2,50,0.8,-1.59
"352",2,16,0.3,50,0.8,-1.69
"353",2,16,0.4,50,0.8,-1.77
"354",2,16,0.5,50,0.8,-1.82
"355",2,16,1,50,0.8,-1.98
"356",2,18,0,50,0.8,-0.93
"357",2,18,0.1,50,0.8,-0.97
"358",2,18,0.15,50,0.8,-1.06
"359",2,18,0.2,50,0.8,-1.12
"360",2,18,0.3,50,0.8,-1.21
"361",2,18,0.4,50,0.8,-1.27
"362",2,18,0.5,50,0.8,-1.32
"363",2,18,1,50,0.8,-1.46
"364",2,20,0,50,0.8,-0.46
"365",2,20,0.1,50,0.8,-0.52
"366",2,20,0.15,50,0.8,-0.59
"367",2,20,0.2,50,0.8,-0.64
"368",2,20,0.3,50,0.8,-0.725
"369",2,20,0.4,50,0.8,-0.77
"370",2,20,0.5,50,0.8,-0.82
"371",2,20,1,50,0.8,-0.94
"372",2,22,0,50,0.8,0.01
"373",2,22,0.1,50,0.8,-0.05
"374",2,22,0.15,50,0.8,-0.11
"375",2,22,0.2,50,0.8,-0.15
"376",2,22,0.3,50,0.8,-0.22
"377",2,22,0.4,50,0.8,-0.27
"378",2,22,0.5,50,0.8,-0.3
"379",2,22,1,50,0.8,-0.41
"380",2,24,0,50,0.8,0.48
"381",2,24,0.1,50,0.8,0.43
"382",2,24,0.15,50,0.8,0.38
"383",2,24,0.2,50,0.8,0.34
"384",2,24,0.3,50,0.8,0.28
"385",2,24,0.4,50,0.8,0.24
"386",2,24,0.5,50,0.8,0.22
"387",2,24,1,50,0.8,0.13
"388",2,26,0,50,0.8,0.97
"389",2,26,0.1,50,0.8,0.91
"390",2,26,0.15,50,0.8,0.87
"391",2,26,0.2,50,0.8,0.84
"392",2,26,0.3,50,0.8,0.8
"393",2,26,0.4,50,0.8,0.76
"394",2,26,0.5,50,0.8,0.74
"395",2,26,1,50,0.8,0.67
"396",2,28,0,50,0.8,1.45
"397",2,28,0.1,50,0.8,1.4
"398",2,28,0.15,50,0.8,1.37
"399",2,28,0.2,50,0.8,1.35
"400",2,28,0.3,50,0.8,1.32
"401",2,28,0.4,50,0.8,1.29
"402",2,28,0.5,50,0.8,1.23
"403",2,28,1,50,0.8,1.27
"404",0,26,0,50,1,-1.62
"405",0,26,0.1,50,1,-1.62
"406",0,26,0.15,50,1,-1.96
"407",0,26,0.2,50,1,-2.34
"408",0,27,0,50,1,-1
"409",0,27,0.1,50,1,-1
"410",0,27,0.15,50,1,-1.36
"411",0,27,0.2,50,1,-1.69
"412",0,28,0,50,1,-0.39
"413",0,28,0.1,50,1,-0.42
"414",0,28,0.15,50,1,-0.76
"415",0,28,0.2,50,1,-1.05
"416",0,29,0,50,1,0.21
"417",0,29,0.1,50,1,0.13
"418",0,29,0.15,50,1,-0.15
"419",0,29,0.2,50,1,-0.39
"420",0,30,0,50,1,0.8
"421",0,30,0.1,50,1,0.68
"422",0,30,0.15,50,1,0.45
"423",0,30,0.2,50,1,0.26
"424",0,31,0,50,1,1.39
"425",0,31,0.1,50,1,1.25
"426",0,31,0.15,50,1,1.08
"427",0,31,0.2,50,1,0.94
"428",0,32,0,50,1,1.96
"429",0,32,0.1,50,1,1.83
"430",0,32,0.15,50,1,1.71
"431",0,32,0.2,50,1,1.61
"432",0,33,0,50,1,2.5
"433",0,33,0.1,50,1,2.41
"434",0,33,0.15,50,1,2.34
"435",0,33,0.2,50,1,2.29
"436",0.25,24,0,50,1,-1.52
"437",0.25,24,0.1,50,1,-1.52
"438",0.25,24,0.15,50,1,-1.8
"439",0.25,24,0.2,50,1,-2.06
"440",0.25,24,0.3,50,1,-2.47
"441",0.25,25,0,50,1,-1.05
"442",0.25,25,0.1,50,1,-1.05
"443",0.25,25,0.15,50,1,-1.33
"444",0.25,25,0.2,50,1,-1.57
"445",0.25,25,0.3,50,1,-1.94
"446",0.25,25,0.4,50,1,-2.24
"447",0.25,25,0.5,50,1,-2.48
"448",0.25,26,0,50,1,-0.58
"449",0.25,26,0.1,50,1,-0.61
"450",0.25,26,0.15,50,1,-0.87
"451",0.25,26,0.2,50,1,-1.08
"452",0.25,26,0.3,50,1,-1.41
"453",0.25,26,0.4,50,1,-1.67
"454",0.25,26,0.5,50,1,-1.89
"455",0.25,26,1,50,1,-2.66
"456",0.25,27,0,50,1,-0.12
"457",0.25,27,0.1,50,1,-0.17
"458",0.25,27,0.15,50,1,-0.4
"459",0.25,27,0.2,50,1,-0.58
"460",0.25,27,0.3,50,1,-0.87
"461",0.25,27,0.4,50,1,-1.1
"462",0.25,27,0.5,50,1,-1.29
"463",0.25,27,1,50,1,-1.97
"464",0.25,28,0,50,1,0.34
"465",0.25,28,0.1,50,1,0.27
"466",0.25,28,0.15,50,1,0.07
"467",0.25,28,0.2,50,1,-0.09
"468",0.25,28,0.3,50,1,-0.34
"469",0.25,28,0.4,50,1,-0.53
"470",0.25,28,0.5,50,1,-0.7
"471",0.25,28,1,50,1,-1.28
"472",0.25,29,0,50,1,0.8
"473",0.25,29,0.1,50,1,0.71
"474",0.25,29,0.15,50,1,0.54
"475",0.25,29,0.2,50,1,0.41
"476",0.25,29,0.3,50,1,0.2
"477",0.25,29,0.4,50,1,0.04
"478",0.25,29,0.5,50,1,-0.1
"479",0.25,29,1,50,1,-0.58
"480",0.25,30,0,50,1,1.25
"481",0.25,30,0.1,50,1,1.15
"482",0.25,30,0.15,50,1,1.02
"483",0.25,30,0.2,50,1,0.91
"484",0.25,30,0.3,50,1,0.74
"485",0.25,30,0.4,50,1,0.61
"486",0.25,30,0.5,50,1,0.5
"487",0.25,30,1,50,1,0.11
"488",0.25,31,0,50,1,1.71
"489",0.25,31,0.1,50,1,1.61
"490",0.25,31,0.15,50,1,1.51
"491",0.25,31,0.2,50,1,1.43
"492",0.25,31,0.3,50,1,1.3
"493",0.25,31,0.4,50,1,1.2
"494",0.25,31,0.5,50,1,1.12
"495",0.25,31,1,50,1,0.83
"496",0.5,23,0,50,1,-1.1
"497",0.5,23,0.1,50,1,-1.1
"498",0.5,23,0.15,50,1,-1.33
"499",0.5,23,0.2,50,1,-1.51
"500",0.5,23,0.3,50,1,-1.78
"501",0.5,23,0.4,50,1,-1.99
"502",0.5,23,0.5,50,1,-2.16
"503",0.5,24,0,50,1,-0.72
"504",0.5,24,0.1,50,1,-0.74
"505",0.5,24,0.15,50,1,-0.95
"506",0.5,24,0.2,50,1,-1.11
"507",0.5,24,0.3,50,1,-1.36
"508",0.5,24,0.4,50,1,-1.55
"509",0.5,24,0.5,50,1,-1.7
"510",0.5,24,1,50,1,-2.22
"511",0.5,25,0,50,1,-0.34
"512",0.5,25,0.1,50,1,-0.38
"513",0.5,25,0.15,50,1,-0.56
"514",0.5,25,0.2,50,1,-0.71
"515",0.5,25,0.3,50,1,-0.94
"516",0.5,25,0.4,50,1,-1.11
"517",0.5,25,0.5,50,1,-1.25
"518",0.5,25,1,50,1,-1.71
"519",0.5,26,0,50,1,0.04
"520",0.5,26,0.1,50,1,-0.01
"521",0.5,26,0.15,50,1,-0.18
"522",0.5,26,0.2,50,1,-0.31
"523",0.5,26,0.3,50,1,-0.51
"524",0.5,26,0.4,50,1,-0.66
"525",0.5,26,0.5,50,1,-0.79
"526",0.5,26,1,50,1,-1.19
"527",0.5,27,0,50,1,0.42
"528",0.5,27,0.1,50,1,0.35
"529",0.5,27,0.15,50,1,0.2
"530",0.5,27,0.2,50,1,0.09
"531",0.5,27,0.3,50,1,-0.08
"532",0.5,27,0.4,50,1,-0.22
"533",0.5,27,0.5,50,1,-0.33
"534",0.5,27,1,50,1,-0.68
"535",0.5,28,0,50,1,0.8
"536",0.5,28,0.1,50,1,0.72
"537",0.5,28,0.15,50,1,0.59
"538",0.5,28,0.2,50,1,0.49
"539",0.5,28,0.3,50,1,0.34
"540",0.5,28,0.4,50,1,0.23
"541",0.5,28,0.5,50,1,0.14
"542",0.5,28,1,50,1,-0.17
"543",0.5,29,0,50,1,1.17
"544",0.5,29,0.1,50,1,1.08
"545",0.5,29,0.15,50,1,0.98
"546",0.5,29,0.2,50,1,0.9
"547",0.5,29,0.3,50,1,0.77
"548",0.5,29,0.4,50,1,0.68
"549",0.5,29,0.5,50,1,0.6
"550",0.5,29,1,50,1,0.34
"551",0.5,30,0,50,1,1.54
"552",0.5,30,0.1,50,1,1.45
"553",0.5,30,0.15,50,1,1.37
"554",0.5,30,0.2,50,1,1.3
"555",0.5,30,0.3,50,1,1.2
"556",0.5,30,0.4,50,1,1.13
"557",0.5,30,0.5,50,1,1.06
"558",0.5,30,1,50,1,0.86
"559",0.75,21,0,50,1,-1.11
"560",0.75,21,0.1,50,1,-1.11
"561",0.75,21,0.15,50,1,-1.3
"562",0.75,21,0.2,50,1,-1.44
"563",0.75,21,0.3,50,1,-1.66
"564",0.75,21,0.4,50,1,-1.82
"565",0.75,21,0.5,50,1,-1.95
"566",0.75,21,1,50,1,-2.36
"567",0.75,22,0,50,1,-0.79
"568",0.75,22,0.1,50,1,-0.81
"569",0.75,22,0.15,50,1,-0.98
"570",0.75,22,0.2,50,1,-1.11
"571",0.75,22,0.3,50,1,-1.31
"572",0.75,22,0.4,50,1,-1.46
"573",0.75,22,0.5,50,1,-1.58
"574",0.75,22,1,50,1,-1.95
"575",0.75,23,0,50,1,-0.47
"576",0.75,23,0.1,50,1,-0.5
"577",0.75,23,0.15,50,1,-0.66
"578",0.75,23,0.2,50,1,-0.78
"579",0.75,23,0.3,50,1,-0.96
"580",0.75,23,0.4,50,1,-1.09
"581",0.75,23,0.5,50,1,-1.2
"582",0.75,23,1,50,1,-1.55
"583",0.75,24,0,50,1,-0.15
"584",0.75,24,0.1,50,1,-0.19
"585",0.75,24,0.15,50,1,-0.33
"586",0.75,24,0.2,50,1,-0.44
"587",0.75,24,0.3,50,1,-0.61
"588",0.75,24,0.4,50,1,-0.73
"589",0.75,24,0.5,50,1,-0.83
"590",0.75,24,1,50,1,-1.14
"591",0.75,25,0,50,1,0.17
"592",0.75,25,0.1,50,1,0.112
"593",0.75,25,0.15,50,1,-0.01
"594",0.75,25,0.2,50,1,-0.11
"595",0.75,25,0.3,50,1,-0.26
"596",0.75,25,0.4,50,1,-0.37
"597",0.75,25,0.5,50,1,-0.46
"598",0.75,25,1,50,1,-0.74
"599",0.75,26,0,50,1,0.49
"600",0.75,26,0.1,50,1,0.43
"601",0.75,26,0.15,50,1,0.31
"602",0.75,26,0.2,50,1,0.23
"603",0.75,26,0.3,50,1,0.09
"604",0.75,26,0.4,50,1,0
"605",0.75,26,0.5,50,1,-0.08
"606",0.75,26,1,50,1,-0.33
"607",0.75,27,0,50,1,0.81
"608",0.75,27,0.1,50,1,0.74
"609",0.75,27,0.15,50,1,0.64
"610",0.75,27,0.2,50,1,0.56
"611",0.75,27,0.3,50,1,0.45
"612",0.75,27,0.4,50,1,0.36
"613",0.75,27,0.5,50,1,0.29
"614",0.75,27,1,50,1,0.08
"615",0.75,28,0,50,1,1.12
"616",0.75,28,0.1,50,1,1.05
"617",0.75,28,0.15,50,1,0.96
"618",0.75,28,0.2,50,1,0.9
"619",0.75,28,0.3,50,1,0.8
"620",0.75,28,0.4,50,1,0.73
"621",0.75,28,0.5,50,1,0.67
"622",0.75,28,1,50,1,0.48
"623",1,20,0,50,1,-0.85
"624",1,20,0.1,50,1,-0.87
"625",1,20,0.15,50,1,-1.02
"626",1,20,0.2,50,1,-1.13
"627",1,20,0.3,50,1,-1.29
"628",1,20,0.4,50,1,-1.41
"629",1,20,0.5,50,1,-1.51
"630",1,20,1,50,1,-1.81
"631",1,21,0,50,1,-0.57
"632",1,21,0.1,50,1,-0.6
"633",1,21,0.15,50,1,-0.74
"634",1,21,0.2,50,1,-0.84
"635",1,21,0.3,50,1,-0.99
"636",1,21,0.4,50,1,-1.11
"637",1,21,0.5,50,1,-1.19
"638",1,21,1,50,1,-1.47
"639",1,22,0,50,1,-0.3
"640",1,22,0.1,50,1,-0.33
"641",1,22,0.15,50,1,-0.46
"642",1,22,0.2,50,1,-0.55
"643",1,22,0.3,50,1,-0.69
"644",1,22,0.4,50,1,-0.8
"645",1,22,0.5,50,1,-0.88
"646",1,22,1,50,1,-1.13
"647",1,23,0,50,1,0.02
"648",1,23,0.1,50,1,-0.07
"649",1,23,0.15,50,1,-0.18
"650",1,23,0.2,50,1,-0.27
"651",1,23,0.3,50,1,-0.39
"652",1,23,0.4,50,1,-0.49
"653",1,23,0.5,50,1,-0.56
"654",1,23,1,50,1,-0.79
"655",1,24,0,50,1,0.26
"656",1,24,0.1,50,1,0.2
"657",1,24,0.15,50,1,0.1
"658",1,24,0.2,50,1,0.02
"659",1,24,0.3,50,1,-0.09
"660",1,24,0.4,50,1,-0.18
"661",1,24,0.5,50,1,-0.25
"662",1,24,1,50,1,-0.46
"663",1,25,0,50,1,0.53
"664",1,25,0.1,50,1,0.48
"665",1,25,0.15,50,1,0.38
"666",1,25,0.2,50,1,0.31
"667",1,25,0.3,50,1,0.21
"668",1,25,0.4,50,1,0.13
"669",1,25,0.5,50,1,0.07
"670",1,25,1,50,1,-0.12
"671",1,26,0,50,1,0.81
"672",1,26,0.1,50,1,0.75
"673",1,26,0.15,50,1,0.66
"674",1,26,0.2,50,1,0.6
"675",1,26,0.3,50,1,0.51
"676",1,26,0.4,50,1,0.44
"677",1,26,0.5,50,1,0.39
"678",1,26,1,50,1,0.22
"679",1,27,0,50,1,1.08
"680",1,27,0.1,50,1,1.02
"681",1,27,0.15,50,1,0.95
"682",1,27,0.2,50,1,0.89
"683",1,27,0.3,50,1,0.81
"684",1,27,0.4,50,1,0.75
"685",1,27,0.5,50,1,0.71
"686",1,27,1,50,1,0.56
"687",1.5,14,0,50,1,-1.36
"688",1.5,14,0.1,50,1,-1.36
"689",1.5,14,0.15,50,1,-1.49
"690",1.5,14,0.2,50,1,-1.58
"691",1.5,14,0.3,50,1,-1.72
"692",1.5,14,0.4,50,1,-1.82
"693",1.5,14,0.5,50,1,-1.89
"694",1.5,14,1,50,1,-2.12
"695",1.5,16,0,50,1,-0.94
"696",1.5,16,0.1,50,1,-0.95
"697",1.5,16,0.15,50,1,-1.07
"698",1.5,16,0.2,50,1,-1.15
"699",1.5,16,0.3,50,1,-1.27
"700",1.5,16,0.4,50,1,-1.36
"701",1.5,16,0.5,50,1,-1.43
"702",1.5,16,1,50,1,-1.63
"703",1.5,18,0,50,1,-0.52
"704",1.5,18,0.1,50,1,-0.54
"705",1.5,18,0.15,50,1,-0.64
"706",1.5,18,0.2,50,1,-0.72
"707",1.5,18,0.3,50,1,-0.82
"708",1.5,18,0.4,50,1,-0.9
"709",1.5,18,0.5,50,1,-0.96
"710",1.5,18,1,50,1,-1.14
"711",1.5,20,0,50,1,-0.09
"712",1.5,20,0.1,50,1,-0.13
"713",1.5,20,0.15,50,1,-0.22
"714",1.5,20,0.2,50,1,-0.28
"715",1.5,20,0.3,50,1,-0.37
"716",1.5,20,0.4,50,1,-0.44
"717",1.5,20,0.5,50,1,-0.49
"718",1.5,20,1,50,1,-0.65
"719",1.5,22,0,50,1,0.35
"720",1.5,22,0.1,50,1,0.3
"721",1.5,22,0.15,50,1,0.23
"722",1.5,22,0.2,50,1,0.18
"723",1.5,22,0.3,50,1,0.1
"724",1.5,22,0.4,50,1,0.04
"725",1.5,22,0.5,50,1,0
"726",1.5,22,1,50,1,-0.14
"727",1.5,24,0,50,1,0.79
"728",1.5,24,0.1,50,1,0.74
"729",1.5,24,0.15,50,1,0.68
"730",1.5,24,0.2,50,1,0.63
"731",1.5,24,0.3,50,1,0.57
"732",1.5,24,0.4,50,1,0.52
"733",1.5,24,0.5,50,1,0.49
"734",1.5,24,1,50,1,0.37
"735",1.5,26,0,50,1,1.23
"736",1.5,26,0.1,50,1,1.18
"737",1.5,26,0.15,50,1,1.13
"738",1.5,26,0.2,50,1,1.09
"739",1.5,26,0.3,50,1,1.04
"740",1.5,26,0.4,50,1,1.01
"741",1.5,26,0.5,50,1,0.98
"742",1.5,26,1,50,1,0.89
"743",1.5,28,0,50,1,1.67
"744",1.5,28,0.1,50,1,1.62
"745",1.5,28,0.15,50,1,1.58
"746",1.5,28,0.2,50,1,1.56
"747",1.5,28,0.3,50,1,1.52
"748",1.5,28,0.4,50,1,1.49
"749",1.5,28,0.5,50,1,1.47
"750",1.5,28,1,50,1,1.4
"751",2,10,0,50,1,-1.38
"752",2,10,0.1,50,1,-1.39
"753",2,10,0.15,50,1,-1.49
"754",2,10,0.2,50,1,-1.56
"755",2,10,0.3,50,1,-1.67
"756",2,10,0.4,50,1,-1.74
"757",2,10,0.5,50,1,-1.8
"758",2,10,1,50,1,-1.96
"759",2,12,0,50,1,-1.03
"760",2,12,0.1,50,1,-1.05
"761",2,12,0.15,50,1,-1.14
"762",2,12,0.2,50,1,-1.21
"763",2,12,0.3,50,1,-1.3
"764",2,12,0.4,50,1,-1.37
"765",2,12,0.5,50,1,-1.42
"766",2,12,1,50,1,-1.57
"767",2,14,0,50,1,-0.68
"768",2,14,0.1,50,1,-0.7
"769",2,14,0.15,50,1,-0.79
"770",2,14,0.2,50,1,-0.85
"771",2,14,0.3,50,1,-0.93
"772",2,14,0.4,50,1,-0.99
"773",2,14,0.5,50,1,-1.04
"774",2,14,1,50,1,-1.17
"775",2,16,0,50,1,-0.32
"776",2,16,0.1,50,1,-0.35
"777",2,16,0.15,50,1,-0.43
"778",2,16,0.2,50,1,-0.48
"779",2,16,0.3,50,1,-0.56
"780",2,16,0.4,50,1,-0.61
"781",2,16,0.5,50,1,-0.65
"782",2,16,1,50,1,-0.77
"783",2,18,0,50,1,0.03
"784",2,18,0.1,50,1,0
"785",2,18,0.15,50,1,-0.07
"786",2,18,0.2,50,1,-0.11
"787",2,18,0.3,50,1,-0.18
"788",2,18,0.4,50,1,-0.23
"789",2,18,0.5,50,1,-0.26
"790",2,18,1,50,1,-0.37
"791",2,20,0,50,1,0.4
"792",2,20,0.1,50,1,0.36
"793",2,20,0.15,50,1,0.3
"794",2,20,0.2,50,1,0.26
"795",2,20,0.3,50,1,0.2
"796",2,20,0.4,50,1,0.16
"797",2,20,0.5,50,1,0.13
"798",2,20,1,50,1,0.04
"799",2,22,0,50,1,0.76
"800",2,22,0.1,50,1,0.72
"801",2,22,0.15,50,1,0.67
"802",2,22,0.2,50,1,0.64
"803",2,22,0.3,50,1,0.59
"804",2,22,0.4,50,1,0.55
"805",2,22,0.5,50,1,0.53
"806",2,22,1,50,1,0.45
"807",2,24,0,50,1,1.13
"808",2,24,0.1,50,1,1.09
"809",2,24,0.15,50,1,1.05
"810",2,24,0.2,50,1,1.02
"811",2,24,0.3,50,1,0.98
"812",2,24,0.4,50,1,0.95
"813",2,24,0.5,50,1,0.93
"814",2,24,1,50,1,0.87
"815",0,25,0,50,1.2,-1.33
"816",0,25,0.1,50,1.2,-1.33
"817",0,25,0.15,50,1.2,-1.59
"818",0,25,0.2,50,1.2,-1.92
"819",0,26,0,50,1.2,-0.83
"820",0,26,0.1,50,1.2,-0.83
"821",0,26,0.15,50,1.2,-1.11
"822",0,26,0.2,50,1.2,-1.4
"823",0,27,0,50,1.2,-0.33
"824",0,27,0.1,50,1.2,-0.33
"825",0,27,0.15,50,1.2,-0.63
"826",0,27,0.2,50,1.2,-0.88
"827",0,28,0,50,1.2,0.15
"828",0,28,0.1,50,1.2,0.12
"829",0,28,0.15,50,1.2,-0.14
"830",0,28,0.2,50,1.2,-0.36
"831",0,29,0,50,1.2,0.63
"832",0,29,0.1,50,1.2,0.56
"833",0,29,0.15,50,1.2,0.35
"834",0,29,0.2,50,1.2,0.17
"835",0,30,0,50,1.2,1.1
"836",0,30,0.1,50,1.2,1.01
"837",0,30,0.15,50,1.2,0.84
"838",0,30,0.2,50,1.2,0.69
"839",0,31,0,50,1.2,1.57
"840",0,31,0.1,50,1.2,1.47
"841",0,31,0.15,50,1.2,1.34
"842",0,31,0.2,50,1.2,1.24
"843",0,32,0,50,1.2,2.03
"844",0,32,0.1,50,1.2,1.93
"845",0,32,0.15,50,1.2,1.85
"846",0,32,0.2,50,1.2,1.78
"847",0.25,23,0,50,1.2,-1.18
"848",0.25,23,0.1,50,1.2,-1.18
"849",0.25,23,0.15,50,1.2,-1.39
"850",0.25,23,0.2,50,1.2,-1.61
"851",0.25,23,0.3,50,1.2,-1.97
"852",0.25,23,0.4,50,1.2,-2.25
"853",0.25,24,0,50,1.2,-0.79
"854",0.25,24,0.1,50,1.2,-0.79
"855",0.25,24,0.15,50,1.2,-1.02
"856",0.25,24,0.2,50,1.2,-1.22
"857",0.25,24,0.3,50,1.2,-1.54
"858",0.25,24,0.4,50,1.2,-1.8
"859",0.25,24,0.5,50,1.2,-2.01
"860",0.25,25,0,50,1.2,-0.42
"861",0.25,25,0.1,50,1.2,-0.42
"862",0.25,25,0.15,50,1.2,-0.64
"863",0.25,25,0.2,50,1.2,-0.83
"864",0.25,25,0.3,50,1.2,-1.11
"865",0.25,25,0.4,50,1.2,-1.34
"866",0.25,25,0.5,50,1.2,-1.54
"867",0.25,25,1,50,1.2,-2.21
"868",0.25,26,0,50,1.2,-0.04
"869",0.25,26,0.1,50,1.2,-0.07
"870",0.25,26,0.15,50,1.2,-0.27
"871",0.25,26,0.2,50,1.2,-0.43
"872",0.25,26,0.3,50,1.2,-0.68
"873",0.25,26,0.4,50,1.2,-0.89
"874",0.25,26,0.5,50,1.2,-1.06
"875",0.25,26,1,50,1.2,-1.65
"876",0.25,27,0,50,1.2,0.33
"877",0.25,27,0.1,50,1.2,0.29
"878",0.25,27,0.15,50,1.2,0.11
"879",0.25,27,0.2,50,1.2,-0.03
"880",0.25,27,0.3,50,1.2,-0.25
"881",0.25,27,0.4,50,1.2,-0.43
"882",0.25,27,0.5,50,1.2,-0.58
"883",0.25,27,1,50,1.2,-1.09
"884",0.25,28,0,50,1.2,0.71
"885",0.25,28,0.1,50,1.2,0.64
"886",0.25,28,0.15,50,1.2,0.49
"887",0.25,28,0.2,50,1.2,0.37
"888",0.25,28,0.3,50,1.2,0.18
"889",0.25,28,0.4,50,1.2,0.03
"890",0.25,28,0.5,50,1.2,-0.1
"891",0.25,28,1,50,1.2,-0.54
"892",0.25,29,0,50,1.2,1.07
"893",0.25,29,0.1,50,1.2,0.99
"894",0.25,29,0.15,50,1.2,0.87
"895",0.25,29,0.2,50,1.2,0.77
"896",0.25,29,0.3,50,1.2,0.61
"897",0.25,29,0.4,50,1.2,0.49
"898",0.25,29,0.5,50,1.2,0.39
"899",0.25,29,1,50,1.2,0.02
"900",0.25,30,0,50,1.2,1.43
"901",0.25,30,0.1,50,1.2,1.35
"902",0.25,30,0.15,50,1.2,1.25
"903",0.25,30,0.2,50,1.2,1.17
"904",0.25,30,0.3,50,1.2,1.05
"905",0.25,30,0.4,50,1.2,0.95
"906",0.25,30,0.5,50,1.2,0.87
"907",0.25,30,1,50,1.2,0.58
"908",0.5,18,0,50,1.2,-2.01
"909",0.5,18,0.1,50,1.2,-2.01
"910",0.5,18,0.15,50,1.2,-2.17
"911",0.5,18,0.2,50,1.2,-2.38
"912",0.5,18,0.3,50,1.2,-2.7
"913",0.5,20,0,50,1.2,-1.41
"914",0.5,20,0.1,50,1.2,-1.41
"915",0.5,20,0.15,50,1.2,-1.58
"916",0.5,20,0.2,50,1.2,-1.76
"917",0.5,20,0.3,50,1.2,-2.04
"918",0.5,20,0.4,50,1.2,-2.25
"919",0.5,20,0.5,50,1.2,-2.42
"920",0.5,22,0,50,1.2,-0.79
"921",0.5,22,0.1,50,1.2,-0.79
"922",0.5,22,0.15,50,1.2,-0.97
"923",0.5,22,0.2,50,1.2,-1.13
"924",0.5,22,0.3,50,1.2,-1.36
"925",0.5,22,0.4,50,1.2,-1.54
"926",0.5,22,0.5,50,1.2,-1.69
"927",0.5,22,1,50,1.2,-2.17
"928",0.5,24,0,50,1.2,-0.17
"929",0.5,24,0.1,50,1.2,-0.2
"930",0.5,24,0.15,50,1.2,-0.36
"931",0.5,24,0.2,50,1.2,-0.48
"932",0.5,24,0.3,50,1.2,-0.68
"933",0.5,24,0.4,50,1.2,-0.83
"934",0.5,24,0.5,50,1.2,-0.95
"935",0.5,24,1,50,1.2,-1.35
"936",0.5,26,0,50,1.2,0.44
"937",0.5,26,0.1,50,1.2,0.39
"938",0.5,26,0.15,50,1.2,0.26
"939",0.5,26,0.2,50,1.2,0.16
"940",0.5,26,0.3,50,1.2,0.01
"941",0.5,26,0.4,50,1.2,-0.11
"942",0.5,26,0.5,50,1.2,-0.21
"943",0.5,26,1,50,1.2,-0.52
"944",0.5,28,0,50,1.2,1.05
"945",0.5,28,0.1,50,1.2,0.98
"946",0.5,28,0.15,50,1.2,0.88
"947",0.5,28,0.2,50,1.2,0.81
"948",0.5,28,0.3,50,1.2,0.7
"949",0.5,28,0.4,50,1.2,0.61
"950",0.5,28,0.5,50,1.2,0.54
"951",0.5,28,1,50,1.2,0.31
"952",0.5,30,0,50,1.2,1.64
"953",0.5,30,0.1,50,1.2,1.57
"954",0.5,30,0.15,50,1.2,1.51
"955",0.5,30,0.2,50,1.2,1.46
"956",0.5,30,0.3,50,1.2,1.39
"957",0.5,30,0.4,50,1.2,1.33
"958",0.5,30,0.5,50,1.2,1.29
"959",0.5,30,1,50,1.2,1.14
"960",0.5,32,0,50,1.2,2.25
"961",0.5,32,0.1,50,1.2,2.2
"962",0.5,32,0.15,50,1.2,2.17
"963",0.5,32,0.2,50,1.2,2.15
"964",0.5,32,0.3,50,1.2,2.11
"965",0.5,32,0.4,50,1.2,2.09
"966",0.5,32,0.5,50,1.2,2.07
"967",0.5,32,1,50,1.2,1.99
"968",0.75,16,0,50,1.2,-1.77
"969",0.75,16,0.1,50,1.2,-1.77
"970",0.75,16,0.15,50,1.2,-1.91
"971",0.75,16,0.2,50,1.2,-2.07
"972",0.75,16,0.3,50,1.2,-2.31
"973",0.75,16,0.4,50,1.2,-2.49
"974",0.75,18,0,50,1.2,-1.27
"975",0.75,18,0.1,50,1.2,-1.27
"976",0.75,18,0.15,50,1.2,-1.42
"977",0.75,18,0.2,50,1.2,-1.56
"978",0.75,18,0.3,50,1.2,-1.77
"979",0.75,18,0.4,50,1.2,-1.93
"980",0.75,18,0.5,50,1.2,-2.05
"981",0.75,18,1,50,1.2,-2.45
"982",0.75,20,0,50,1.2,-0.77
"983",0.75,20,0.1,50,1.2,-0.77
"984",0.75,20,0.15,50,1.2,-0.92
"985",0.75,20,0.2,50,1.2,-1.04
"986",0.75,20,0.3,50,1.2,-1.23
"987",0.75,20,0.4,50,1.2,-1.36
"988",0.75,20,0.5,50,1.2,-1.47
"989",0.75,20,1,50,1.2,-1.82
"990",0.75,22,0,50,1.2,-0.25
"991",0.75,22,0.1,50,1.2,-0.27
"992",0.75,22,0.15,50,1.2,-0.4
"993",0.75,22,0.2,50,1.2,-0.51
"994",0.75,22,0.3,50,1.2,-0.66
"995",0.75,22,0.4,50,1.2,-0.78
"996",0.75,22,0.5,50,1.2,-0.87
"997",0.75,22,1,50,1.2,-1.17
"998",0.75,24,0,50,1.2,0.27
"999",0.75,24,0.1,50,1.2,0.23
"1000",0.75,24,0.15,50,1.2,0.12
"1001",0.75,24,0.2,50,1.2,0.03
"1002",0.75,24,0.3,50,1.2,-0.1
"1003",0.75,24,0.4,50,1.2,-0.19
"1004",0.75,24,0.5,50,1.2,-0.27
"1005",0.75,24,1,50,1.2,-0.51
"1006",0.75,26,0,50,1.2,0.78
"1007",0.75,26,0.1,50,1.2,0.73
"1008",0.75,26,0.15,50,1.2,0.64
"1009",0.75,26,0.2,50,1.2,0.57
"1010",0.75,26,0.3,50,1.2,0.47
"1011",0.75,26,0.4,50,1.2,0.4
"1012",0.75,26,0.5,50,1.2,0.34
"1013",0.75,26,1,50,1.2,0.14
"1014",0.75,28,0,50,1.2,1.29
"1015",0.75,28,0.1,50,1.2,1.23
"1016",0.75,28,0.15,50,1.2,1.17
"1017",0.75,28,0.2,50,1.2,1.12
"1018",0.75,28,0.3,50,1.2,1.04
"1019",0.75,28,0.4,50,1.2,0.99
"1020",0.75,28,0.5,50,1.2,0.94
"1021",0.75,28,1,50,1.2,0.8
"1022",0.75,30,0,50,1.2,1.8
"1023",0.75,30,0.1,50,1.2,1.74
"1024",0.75,30,0.15,50,1.2,1.7
"1025",0.75,30,0.2,50,1.2,1.67
"1026",0.75,30,0.3,50,1.2,1.62
"1027",0.75,30,0.4,50,1.2,1.58
"1028",0.75,30,0.5,50,1.2,1.55
"1029",0.75,30,1,50,1.2,1.46
"1030",1,16,0,50,1.2,-1.18
"1031",1,16,0.1,50,1.2,-1.18
"1032",1,16,0.15,50,1.2,-1.31
"1033",1,16,0.2,50,1.2,-1.43
"1034",1,16,0.3,50,1.2,-1.59
"1035",1,16,0.4,50,1.2,-1.72
"1036",1,16,0.5,50,1.2,-1.82
"1037",1,16,1,50,1.2,-2.12
"1038",1,18,0,50,1.2,-0.75
"1039",1,18,0.1,50,1.2,-0.75
"1040",1,18,0.15,50,1.2,-0.88
"1041",1,18,0.2,50,1.2,-0.98
"1042",1,18,0.3,50,1.2,-1.13
"1043",1,18,0.4,50,1.2,-1.24
"1044",1,18,0.5,50,1.2,-1.33
"1045",1,18,1,50,1.2,-1.59
"1046",1,20,0,50,1.2,-0.32
"1047",1,20,0.1,50,1.2,-0.33
"1048",1,20,0.15,50,1.2,-0.45
"1049",1,20,0.2,50,1.2,-0.54
"1050",1,20,0.3,50,1.2,-0.67
"1051",1,20,0.4,50,1.2,-0.76
"1052",1,20,0.5,50,1.2,-0.83
"1053",1,20,1,50,1.2,-1.07
"1054",1,22,0,50,1.2,0.13
"1055",1,22,0.1,50,1.2,0.1
"1056",1,22,0.15,50,1.2,0
"1057",1,22,0.2,50,1.2,-0.07
"1058",1,22,0.3,50,1.2,-0.18
"1059",1,22,0.4,50,1.2,-0.26
"1060",1,22,0.5,50,1.2,-0.32
"1061",1,22,1,50,1.2,-0.52
"1062",1,24,0,50,1.2,0.58
"1063",1,24,0.1,50,1.2,0.54
"1064",1,24,0.15,50,1.2,0.46
"1065",1,24,0.2,50,1.2,0.4
"1066",1,24,0.3,50,1.2,0.31
"1067",1,24,0.4,50,1.2,0.24
"1068",1,24,0.5,50,1.2,0.19
"1069",1,24,1,50,1.2,0.02
"1070",1,26,0,50,1.2,1.03
"1071",1,26,0.1,50,1.2,0.98
"1072",1,26,0.15,50,1.2,0.91
"1073",1,26,0.2,50,1.2,0.86
"1074",1,26,0.3,50,1.2,0.79
"1075",1,26,0.4,50,1.2,0.74
"1076",1,26,0.5,50,1.2,0.7
"1077",1,26,1,50,1.2,0.58
"1078",1,28,0,50,1.2,1.47
"1079",1,28,0.1,50,1.2,1.42
"1080",1,28,0.15,50,1.2,1.37
"1081",1,28,0.2,50,1.2,1.34
"1082",1,28,0.3,50,1.2,1.28
"1083",1,28,0.4,50,1.2,1.24
"1084",1,28,0.5,50,1.2,1.21
"1085",1,28,1,50,1.2,1.12
"1086",1,30,0,50,1.2,1.91
"1087",1,30,0.1,50,1.2,1.89
"1088",1,30,0.15,50,1.2,1.83
"1089",1,30,0.2,50,1.2,1.81
"1090",1,30,0.3,50,1.2,1.78
"1091",1,30,0.4,50,1.2,1.75
"1092",1,30,0.5,50,1.2,1.73
"1093",1,30,1,50,1.2,1.67
"1094",1.5,12,0,50,1.2,-1.09
"1095",1.5,12,0.1,50,1.2,-1.09
"1096",1.5,12,0.15,50,1.2,-1.19
"1097",1.5,12,0.2,50,1.2,-1.27
"1098",1.5,12,0.3,50,1.2,-1.39
"1099",1.5,12,0.4,50,1.2,-1.48
"1100",1.5,12,0.5,50,1.2,-1.55
"1101",1.5,12,1,50,1.2,-1.75
"1102",1.5,14,0,50,1.2,-0.75
"1103",1.5,14,0.1,50,1.2,-0.75
"1104",1.5,14,0.15,50,1.2,-0.85
"1105",1.5,14,0.2,50,1.2,-0.93
"1106",1.5,14,0.3,50,1.2,-1.03
"1107",1.5,14,0.4,50,1.2,-1.11
"1108",1.5,14,0.5,50,1.2,-1.17
"1109",1.5,14,1,50,1.2,-1.35
"1110",1.5,16,0,50,1.2,-0.41
"1111",1.5,16,0.1,50,1.2,-0.42
"1112",1.5,16,0.15,50,1.2,-0.51
"1113",1.5,16,0.2,50,1.2,-0.58
"1114",1.5,16,0.3,50,1.2,-0.67
"1115",1.5,16,0.4,50,1.2,-0.74
"1116",1.5,16,0.5,50,1.2,-0.79
"1117",1.5,16,1,50,1.2,-0.96
"1118",1.5,18,0,50,1.2,-0.06
"1119",1.5,18,0.1,50,1.2,-0.09
"1120",1.5,18,0.15,50,1.2,-0.17
"1121",1.5,18,0.2,50,1.2,-0.22
"1122",1.5,18,0.3,50,1.2,-0.31
"1123",1.5,18,0.4,50,1.2,-0.37
"1124",1.5,18,0.5,50,1.2,-0.42
"1125",1.5,18,1,50,1.2,-0.56
"1126",1.5,20,0,50,1.2,0.28
"1127",1.5,20,0.1,50,1.2,0.25
"1128",1.5,20,0.15,50,1.2,0.18
"1129",1.5,20,0.2,50,1.2,0.13
"1130",1.5,20,0.3,50,1.2,0.05
"1131",1.5,20,0.4,50,1.2,0
"1132",1.5,20,0.5,50,1.2,-0.04
"1133",1.5,20,1,50,1.2,-0.16
"1134",1.5,22,0,50,1.2,0.63
"1135",1.5,22,0.1,50,1.2,0.6
"1136",1.5,22,0.15,50,1.2,0.54
"1137",1.5,22,0.2,50,1.2,0.5
"1138",1.5,22,0.3,50,1.2,0.44
"1139",1.5,22,0.4,50,1.2,0.39
"1140",1.5,22,0.5,50,1.2,0.36
"1141",1.5,22,1,50,1.2,0.25
"1142",1.5,24,0,50,1.2,0.99
"1143",1.5,24,0.1,50,1.2,0.95
"1144",1.5,24,0.15,50,1.2,0.91
"1145",1.5,24,0.2,50,1.2,0.87
"1146",1.5,24,0.3,50,1.2,0.82
"1147",1.5,24,0.4,50,1.2,0.78
"1148",1.5,24,0.5,50,1.2,0.76
"1149",1.5,24,1,50,1.2,0.67
"1150",1.5,26,0,50,1.2,1.35
"1151",1.5,26,0.1,50,1.2,1.31
"1152",1.5,26,0.15,50,1.2,1.27
"1153",1.5,26,0.2,50,1.2,1.24
"1154",1.5,26,0.3,50,1.2,1.2
"1155",1.5,26,0.4,50,1.2,1.18
"1156",1.5,26,0.5,50,1.2,1.15
"1157",1.5,26,1,50,1.2,1.08
"1158",2,10,0,50,1.2,-0.77
"1159",2,10,0.1,50,1.2,-0.78
"1160",2,10,0.15,50,1.2,-0.86
"1161",2,10,0.2,50,1.2,-0.96
"1162",2,10,0.3,50,1.2,-1.01
"1163",2,10,0.4,50,1.2,-1.06
"1164",2,10,0.5,50,1.2,-1.11
"1165",2,10,1,50,1.2,-1.24
"1166",2,12,0,50,1.2,-0.49
"1167",2,12,0.1,50,1.2,-0.51
"1168",2,12,0.15,50,1.2,-0.58
"1169",2,12,0.2,50,1.2,-0.63
"1170",2,12,0.3,50,1.2,-0.71
"1171",2,12,0.4,50,1.2,-0.76
"1172",2,12,0.5,50,1.2,-0.8
"1173",2,12,1,50,1.2,-0.92
"1174",2,14,0,50,1.2,-0.21
"1175",2,14,0.1,50,1.2,-0.23
"1176",2,14,0.15,50,1.2,-0.29
"1177",2,14,0.2,50,1.2,-0.34
"1178",2,14,0.3,50,1.2,-0.41
"1179",2,14,0.4,50,1.2,-0.46
"1180",2,14,0.5,50,1.2,-0.49
"1181",2,14,1,50,1.2,-0.6
"1182",2,16,0,50,1.2,0.08
"1183",2,16,0.1,50,1.2,0.06
"1184",2,16,0.15,50,1.2,0
"1185",2,16,0.2,50,1.2,-0.04
"1186",2,16,0.3,50,1.2,-0.1
"1187",2,16,0.4,50,1.2,-0.15
"1188",2,16,0.5,50,1.2,-0.18
"1189",2,16,1,50,1.2,-0.27
"1190",2,18,0,50,1.2,0.37
"1191",2,18,0.1,50,1.2,0.34
"1192",2,18,0.15,50,1.2,0.29
"1193",2,18,0.2,50,1.2,0.26
"1194",2,18,0.3,50,1.2,0.2
"1195",2,18,0.4,50,1.2,0.17
"1196",2,18,0.5,50,1.2,0.14
"1197",2,18,1,50,1.2,0.05
"1198",2,20,0,50,1.2,0.67
"1199",2,20,0.1,50,1.2,0.63
"1200",2,20,0.15,50,1.2,0.59
"1201",2,20,0.2,50,1.2,0.56
"1202",2,20,0.3,50,1.2,0.52
"1203",2,20,0.4,50,1.2,0.48
"1204",2,20,0.5,50,1.2,0.46
"1205",2,20,1,50,1.2,0.39
"1206",2,22,0,50,1.2,0.97
"1207",2,22,0.1,50,1.2,0.93
"1208",2,22,0.15,50,1.2,0.89
"1209",2,22,0.2,50,1.2,0.87
"1210",2,22,0.3,50,1.2,0.83
"1211",2,22,0.4,50,1.2,0.8
"1212",2,22,0.5,50,1.2,0.78
"1213",2,22,1,50,1.2,0.72
"1214",2,24,0,50,1.2,1.27
"1215",2,24,0.1,50,1.2,1.23
"1216",2,24,0.15,50,1.2,1.2
"1217",2,24,0.2,50,1.2,1.18
"1218",2,24,0.3,50,1.2,1.15
"1219",2,24,0.4,50,1.2,1.13
"1220",2,24,0.5,50,1.2,1.11
"1221",2,24,1,50,1.2,1.06
"1222",0,24,0,50,1.4,-1.14
"1223",0,24,0.1,50,1.4,-1.14
"1224",0,24,0.15,50,1.4,-1.35
"1225",0,24,0.2,50,1.4,-1.65
"1226",0,25,0,50,1.4,-0.72
"1227",0,25,0.1,50,1.4,-0.72
"1228",0,25,0.15,50,1.4,-0.95
"1229",0,25,0.2,50,1.4,-1.21
"1230",0,26,0,50,1.4,-0.3
"1231",0,26,0.1,50,1.4,-0.3
"1232",0,26,0.15,50,1.4,-0.54
"1233",0,26,0.2,50,1.4,-0.78
"1234",0,27,0,50,1.4,0.11
"1235",0,27,0.1,50,1.4,0.11
"1236",0,27,0.15,50,1.4,-0.14
"1237",0,27,0.2,50,1.4,-0.34
"1238",0,28,0,50,1.4,0.52
"1239",0,28,0.1,50,1.4,0.48
"1240",0,28,0.15,50,1.4,0.27
"1241",0,28,0.2,50,1.4,0.1
"1242",0,29,0,50,1.4,0.92
"1243",0,29,0.1,50,1.4,0.85
"1244",0,29,0.15,50,1.4,0.69
"1245",0,29,0.2,50,1.4,0.54
"1246",0,30,0,50,1.4,1.31
"1247",0,30,0.1,50,1.4,1.23
"1248",0,30,0.15,50,1.4,1.1
"1249",0,30,0.2,50,1.4,0.99
"1250",0,31,0,50,1.4,1.71
"1251",0,31,0.1,50,1.4,1.62
"1252",0,31,0.15,50,1.4,1.52
"1253",0,31,0.2,50,1.4,1.45
"1254",0.25,22,0,50,1.4,-0.95
"1255",0.25,22,0.1,50,1.4,-0.95
"1256",0.25,22,0.15,50,1.4,-1.12
"1257",0.25,22,0.2,50,1.4,-1.33
"1258",0.25,22,0.3,50,1.4,-1.64
"1259",0.25,22,0.4,50,1.4,-1.9
"1260",0.25,22,0.5,50,1.4,-2.11
"1261",0.25,23,0,50,1.4,-0.63
"1262",0.25,23,0.1,50,1.4,-0.63
"1263",0.25,23,0.15,50,1.4,-0.81
"1264",0.25,23,0.2,50,1.4,-0.99
"1265",0.25,23,0.3,50,1.4,-1.28
"1266",0.25,23,0.4,50,1.4,-1.51
"1267",0.25,23,0.5,50,1.4,-1.71
"1268",0.25,23,1,50,1.4,-2.38
"1269",0.25,24,0,50,1.4,-0.31
"1270",0.25,24,0.1,50,1.4,-0.31
"1271",0.25,24,0.15,50,1.4,-0.5
"1272",0.25,24,0.2,50,1.4,-0.66
"1273",0.25,24,0.3,50,1.4,-0.92
"1274",0.25,24,0.4,50,1.4,-1.13
"1275",0.25,24,0.5,50,1.4,-1.35
"1276",0.25,24,1,50,1.4,-1.91
"1277",0.25,25,0,50,1.4,0.01
"1278",0.25,25,0.1,50,1.4,0
"1279",0.25,25,0.15,50,1.4,-0.18
"1280",0.25,25,0.2,50,1.4,-0.33
"1281",0.25,25,0.3,50,1.4,-0.56
"1282",0.25,25,0.4,50,1.4,-0.75
"1283",0.25,25,0.5,50,1.4,-0.9
"1284",0.25,25,1,50,1.4,-1.45
"1285",0.25,26,0,50,1.4,0.33
"1286",0.25,26,0.1,50,1.4,0.3
"1287",0.25,26,0.15,50,1.4,0.14
"1288",0.25,26,0.2,50,1.4,0.01
"1289",0.25,26,0.3,50,1.4,-0.2
"1290",0.25,26,0.4,50,1.4,-0.36
"1291",0.25,26,0.5,50,1.4,-0.5
"1292",0.25,26,1,50,1.4,-0.98
"1293",0.25,27,0,50,1.4,0.64
"1294",0.25,27,0.1,50,1.4,0.59
"1295",0.25,27,0.15,50,1.4,0.45
"1296",0.25,27,0.2,50,1.4,0.34
"1297",0.25,27,0.3,50,1.4,0.16
"1298",0.25,27,0.4,50,1.4,0.02
"1299",0.25,27,0.5,50,1.4,-0.1
"1300",0.25,27,1,50,1.4,-0.51
"1301",0.25,28,0,50,1.4,0.95
"1302",0.25,28,0.1,50,1.4,0.89
"1303",0.25,28,0.15,50,1.4,0.77
"1304",0.25,28,0.2,50,1.4,0.68
"1305",0.25,28,0.3,50,1.4,0.53
"1306",0.25,28,0.4,50,1.4,0.41
"1307",0.25,28,0.5,50,1.4,0.31
"1308",0.25,28,1,50,1.4,-0.04
"1309",0.25,29,0,50,1.4,1.26
"1310",0.25,29,0.1,50,1.4,1.19
"1311",0.25,29,0.15,50,1.4,1.09
"1312",0.25,29,0.2,50,1.4,1.02
"1313",0.25,29,0.3,50,1.4,0.89
"1314",0.25,29,0.4,50,1.4,0.8
"1315",0.25,29,0.5,50,1.4,0.72
"1316",0.25,29,1,50,1.4,0.43
"1317",0.5,18,0,50,1.4,-1.36
"1318",0.5,18,0.1,50,1.4,-1.36
"1319",0.5,18,0.15,50,1.4,-1.49
"1320",0.5,18,0.2,50,1.4,-1.66
"1321",0.5,18,0.3,50,1.4,-1.93
"1322",0.5,18,0.4,50,1.4,-2.12
"1323",0.5,18,0.5,50,1.4,-2.29
"1324",0.5,20,0,50,1.4,-0.85
"1325",0.5,20,0.1,50,1.4,-0.85
"1326",0.5,20,0.15,50,1.4,-1
"1327",0.5,20,0.2,50,1.4,-1.14
"1328",0.5,20,0.3,50,1.4,-1.37
"1329",0.5,20,0.4,50,1.4,-1.54
"1330",0.5,20,0.5,50,1.4,-1.68
"1331",0.5,20,1,50,1.4,-2.15
"1332",0.5,22,0,50,1.4,-0.33
"1333",0.5,22,0.1,50,1.4,-0.33
"1334",0.5,22,0.15,50,1.4,-0.48
"1335",0.5,22,0.2,50,1.4,-0.61
"1336",0.5,22,0.3,50,1.4,-0.8
"1337",0.5,22,0.4,50,1.4,-0.95
"1338",0.5,22,0.5,50,1.4,-1.06
"1339",0.5,22,1,50,1.4,-1.46
"1340",0.5,24,0,50,1.4,0.19
"1341",0.5,24,0.1,50,1.4,0.17
"1342",0.5,24,0.15,50,1.4,0.04
"1343",0.5,24,0.2,50,1.4,-0.07
"1344",0.5,24,0.3,50,1.4,-0.22
"1345",0.5,24,0.4,50,1.4,-0.34
"1346",0.5,24,0.5,50,1.4,-0.44
"1347",0.5,24,1,50,1.4,-0.76
"1348",0.5,26,0,50,1.4,0.71
"1349",0.5,26,0.1,50,1.4,0.66
"1350",0.5,26,0.15,50,1.4,0.56
"1351",0.5,26,0.2,50,1.4,0.48
"1352",0.5,26,0.3,50,1.4,0.35
"1353",0.5,26,0.4,50,1.4,0.26
"1354",0.5,26,0.5,50,1.4,0.18
"1355",0.5,26,1,50,1.4,-0.07
"1356",0.5,28,0,50,1.4,1.22
"1357",0.5,28,0.1,50,1.4,1.16
"1358",0.5,28,0.15,50,1.4,1.09
"1359",0.5,28,0.2,50,1.4,1.03
"1360",0.5,28,0.3,50,1.4,0.94
"1361",0.5,28,0.4,50,1.4,0.87
"1362",0.5,28,0.5,50,1.4,0.81
"1363",0.5,28,1,50,1.4,0.63
"1364",0.5,30,0,50,1.4,1.72
"1365",0.5,30,0.1,50,1.4,1.66
"1366",0.5,30,0.15,50,1.4,1.62
"1367",0.5,30,0.2,50,1.4,1.58
"1368",0.5,30,0.3,50,1.4,1.52
"1369",0.5,30,0.4,50,1.4,1.48
"1370",0.5,30,0.5,50,1.4,1.44
"1371",0.5,30,1,50,1.4,1.33
"1372",0.5,32,0,50,1.4,2.23
"1373",0.5,32,0.1,50,1.4,2.19
"1374",0.5,32,0.15,50,1.4,2.17
"1375",0.5,32,0.2,50,1.4,2.16
"1376",0.5,32,0.3,50,1.4,2.13
"1377",0.5,32,0.4,50,1.4,2.11
"1378",0.5,32,0.5,50,1.4,2.1
"1379",0.5,32,1,50,1.4,2.05
"1380",0.75,16,0,50,1.4,-1.17
"1381",0.75,16,0.1,50,1.4,-1.17
"1382",0.75,16,0.15,50,1.4,-1.29
"1383",0.75,16,0.2,50,1.4,-1.42
"1384",0.75,16,0.3,50,1.4,-1.62
"1385",0.75,16,0.4,50,1.4,-1.77
"1386",0.75,16,0.5,50,1.4,-1.88
"1387",0.75,16,1,50,1.4,-2.26
"1388",0.75,18,0,50,1.4,-0.75
"1389",0.75,18,0.1,50,1.4,-0.75
"1390",0.75,18,0.15,50,1.4,-0.87
"1391",0.75,18,0.2,50,1.4,-0.99
"1392",0.75,18,0.3,50,1.4,-1.16
"1393",0.75,18,0.4,50,1.4,-1.29
"1394",0.75,18,0.5,50,1.4,-1.39
"1395",0.75,18,1,50,1.4,-1.72
"1396",0.75,20,0,50,1.4,-0.33
"1397",0.75,20,0.1,50,1.4,-0.33
"1398",0.75,20,0.15,50,1.4,-0.45
"1399",0.75,20,0.2,50,1.4,-0.55
"1400",0.75,20,0.3,50,1.4,-0.7
"1401",0.75,20,0.4,50,1.4,-0.82
"1402",0.75,20,0.5,50,1.4,-0.91
"1403",0.75,20,1,50,1.4,-1.19
"1404",0.75,22,0,50,1.4,0.11
"1405",0.75,22,0.1,50,1.4,0.09
"1406",0.75,22,0.15,50,1.4,-0.02
"1407",0.75,22,0.2,50,1.4,-0.1
"1408",0.75,22,0.3,50,1.4,-0.23
"1409",0.75,22,0.4,50,1.4,-0.32
"1410",0.75,22,0.5,50,1.4,-0.4
"1411",0.75,22,1,50,1.4,-0.64
"1412",0.75,24,0,50,1.4,0.55
"1413",0.75,24,0.1,50,1.4,0.51
"1414",0.75,24,0.15,50,1.4,0.42
"1415",0.75,24,0.2,50,1.4,0.35
"1416",0.75,24,0.3,50,1.4,0.25
"1417",0.75,24,0.4,50,1.4,0.17
"1418",0.75,24,0.5,50,1.4,0.11
"1419",0.75,24,1,50,1.4,-0.09
"1420",0.75,26,0,50,1.4,0.98
"1421",0.75,26,0.1,50,1.4,0.94
"1422",0.75,26,0.15,50,1.4,0.87
"1423",0.75,26,0.2,50,1.4,0.81
"1424",0.75,26,0.3,50,1.4,0.73
"1425",0.75,26,0.4,50,1.4,0.67
"1426",0.75,26,0.5,50,1.4,0.62
"1427",0.75,26,1,50,1.4,0.47
"1428",0.75,28,0,50,1.4,1.41
"1429",0.75,28,0.1,50,1.4,1.36
"1430",0.75,28,0.15,50,1.4,1.31
"1431",0.75,28,0.2,50,1.4,1.27
"1432",0.75,28,0.3,50,1.4,1.21
"1433",0.75,28,0.4,50,1.4,1.17
"1434",0.75,28,0.5,50,1.4,1.13
"1435",0.75,28,1,50,1.4,1.02
"1436",0.75,30,0,50,1.4,1.84
"1437",0.75,30,0.1,50,1.4,1.79
"1438",0.75,30,0.15,50,1.4,1.76
"1439",0.75,30,0.2,50,1.4,1.73
"1440",0.75,30,0.3,50,1.4,1.7
"1441",0.75,30,0.4,50,1.4,1.67
"1442",0.75,30,0.5,50,1.4,1.65
"1443",0.75,30,1,50,1.4,1.58
"1444",1,14,0,50,1.4,-1.05
"1445",1,14,0.1,50,1.4,-1.05
"1446",1,14,0.15,50,1.4,-1.16
"1447",1,14,0.2,50,1.4,-1.26
"1448",1,14,0.3,50,1.4,-1.42
"1449",1,14,0.4,50,1.4,-1.53
"1450",1,14,0.5,50,1.4,-1.62
"1451",1,14,1,50,1.4,-1.91
"1452",1,16,0,50,1.4,-0.69
"1453",1,16,0.1,50,1.4,-0.69
"1454",1,16,0.15,50,1.4,-0.8
"1455",1,16,0.2,50,1.4,-0.89
"1456",1,16,0.3,50,1.4,-1.03
"1457",1,16,0.4,50,1.4,-1.13
"1458",1,16,0.5,50,1.4,-1.21
"1459",1,16,1,50,1.4,-1.46
"1460",1,18,0,50,1.4,-0.32
"1461",1,18,0.1,50,1.4,-0.32
"1462",1,18,0.15,50,1.4,-0.43
"1463",1,18,0.2,50,1.4,-0.52
"1464",1,18,0.3,50,1.4,-0.64
"1465",1,18,0.4,50,1.4,-0.73
"1466",1,18,0.5,50,1.4,-0.8
"1467",1,18,1,50,1.4,-1.02
"1468",1,20,0,50,1.4,0.04
"1469",1,20,0.1,50,1.4,0.03
"1470",1,20,0.15,50,1.4,-0.07
"1471",1,20,0.2,50,1.4,-0.14
"1472",1,20,0.3,50,1.4,-0.25
"1473",1,20,0.4,50,1.4,-0.32
"1474",1,20,0.5,50,1.4,-0.38
"1475",1,20,1,50,1.4,-0.58
"1476",1,22,0,50,1.4,0.42
"1477",1,22,0.1,50,1.4,0.39
"1478",1,22,0.15,50,1.4,0.31
"1479",1,22,0.2,50,1.4,0.25
"1480",1,22,0.3,50,1.4,0.16
"1481",1,22,0.4,50,1.4,0.1
"1482",1,22,0.5,50,1.4,0.05
"1483",1,22,1,50,1.4,-0.12
"1484",1,24,0,50,1.4,0.8
"1485",1,24,0.1,50,1.4,0.76
"1486",1,24,0.15,50,1.4,0.7
"1487",1,24,0.2,50,1.4,0.65
"1488",1,24,0.3,50,1.4,0.57
"1489",1,24,0.4,50,1.4,0.52
"1490",1,24,0.5,50,1.4,0.48
"1491",1,24,1,50,1.4,0.35
"1492",1,26,0,50,1.4,1.18
"1493",1,26,0.1,50,1.4,1.13
"1494",1,26,0.15,50,1.4,1.08
"1495",1,26,0.2,50,1.4,1.04
"1496",1,26,0.3,50,1.4,0.99
"1497",1,26,0.4,50,1.4,0.95
"1498",1,26,0.5,50,1.4,0.91
"1499",1,26,1,50,1.4,0.81
"1500",1,28,0,50,1.4,1.55
"1501",1,28,0.1,50,1.4,1.51
"1502",1,28,0.15,50,1.4,1.47
"1503",1,28,0.2,50,1.4,1.44
"1504",1,28,0.3,50,1.4,1.4
"1505",1,28,0.4,50,1.4,1.37
"1506",1,28,0.5,50,1.4,1.35
"1507",1,28,1,50,1.4,1.27
"1508",1.5,10,0,50,1.4,-0.91
"1509",1.5,10,0.1,50,1.4,-0.91
"1510",1.5,10,0.15,50,1.4,-1
"1511",1.5,10,0.2,50,1.4,-1.08
"1512",1.5,10,0.3,50,1.4,-1.18
"1513",1.5,10,0.4,50,1.4,-1.26
"1514",1.5,10,0.5,50,1.4,-1.32
"1515",1.5,10,1,50,1.4,-1.51
"1516",1.5,12,0,50,1.4,-0.63
"1517",1.5,12,0.1,50,1.4,-0.63
"1518",1.5,12,0.15,50,1.4,-0.71
"1519",1.5,12,0.2,50,1.4,-0.78
"1520",1.5,12,0.3,50,1.4,-0.88
"1521",1.5,12,0.4,50,1.4,-0.95
"1522",1.5,12,0.5,50,1.4,-1.01
"1523",1.5,12,1,50,1.4,-1.17
"1524",1.5,14,0,50,1.4,-0.34
"1525",1.5,14,0.1,50,1.4,-0.34
"1526",1.5,14,0.15,50,1.4,-0.43
"1527",1.5,14,0.2,50,1.4,-0.49
"1528",1.5,14,0.3,50,1.4,-0.58
"1529",1.5,14,0.4,50,1.4,-0.64
"1530",1.5,14,0.5,50,1.4,-0.69
"1531",1.5,14,1,50,1.4,-0.84
"1532",1.5,16,0,50,1.4,-0.05
"1533",1.5,16,0.1,50,1.4,-0.06
"1534",1.5,16,0.15,50,1.4,-0.14
"1535",1.5,16,0.2,50,1.4,-0.19
"1536",1.5,16,0.3,50,1.4,-0.27
"1537",1.5,16,0.4,50,1.4,-0.33
"1538",1.5,16,0.5,50,1.4,-0.37
"1539",1.5,16,1,50,1.4,-0.5
"1540",1.5,18,0,50,1.4,0.24
"1541",1.5,18,0.1,50,1.4,0.22
"1542",1.5,18,0.15,50,1.4,0.15
"1543",1.5,18,0.2,50,1.4,0.11
"1544",1.5,18,0.3,50,1.4,0.04
"1545",1.5,18,0.4,50,1.4,-0.01
"1546",1.5,18,0.5,50,1.4,-0.05
"1547",1.5,18,1,50,1.4,-0.17
"1548",1.5,20,0,50,1.4,0.53
"1549",1.5,20,0.1,50,1.4,0.5
"1550",1.5,20,0.15,50,1.4,0.45
"1551",1.5,20,0.2,50,1.4,0.4
"1552",1.5,20,0.3,50,1.4,0.34
"1553",1.5,20,0.4,50,1.4,0.3
"1554",1.5,20,0.5,50,1.4,0.27
"1555",1.5,20,1,50,1.4,0.17
"1556",1.5,22,0,50,1.4,0.83
"1557",1.5,22,0.1,50,1.4,0.8
"1558",1.5,22,0.15,50,1.4,0.75
"1559",1.5,22,0.2,50,1.4,0.72
"1560",1.5,22,0.3,50,1.4,0.67
"1561",1.5,22,0.4,50,1.4,0.63
"1562",1.5,22,0.5,50,1.4,0.6
"1563",1.5,22,1,50,1.4,0.52
"1564",1.5,24,0,50,1.4,1.13
"1565",1.5,24,0.1,50,1.4,1.1
"1566",1.5,24,0.15,50,1.4,1.06
"1567",1.5,24,0.2,50,1.4,1.03
"1568",1.5,24,0.3,50,1.4,0.99
"1569",1.5,24,0.4,50,1.4,0.96
"1570",1.5,24,0.5,50,1.4,0.94
"1571",1.5,24,1,50,1.4,0.87
"1572",2,10,0,50,1.4,-0.37
"1573",2,10,0.1,50,1.4,-0.38
"1574",2,10,0.15,50,1.4,-0.44
"1575",2,10,0.2,50,1.4,-0.49
"1576",2,10,0.3,50,1.4,-0.56
"1577",2,10,0.4,50,1.4,-0.61
"1578",2,10,0.5,50,1.4,-0.65
"1579",2,10,1,50,1.4,-0.76
"1580",2,12,0,50,1.4,-0.13
"1581",2,12,0.1,50,1.4,-0.14
"1582",2,12,0.15,50,1.4,-0.2
"1583",2,12,0.2,50,1.4,-0.25
"1584",2,12,0.3,50,1.4,-0.31
"1585",2,12,0.4,50,1.4,-0.35
"1586",2,12,0.5,50,1.4,-0.39
"1587",2,12,1,50,1.4,-0.49
"1588",2,14,0,50,1.4,0.11
"1589",2,14,0.1,50,1.4,0.09
"1590",2,14,0.15,50,1.4,0.04
"1591",2,14,0.2,50,1.4,0
"1592",2,14,0.3,50,1.4,-0.05
"1593",2,14,0.4,50,1.4,-0.09
"1594",2,14,0.5,50,1.4,-0.12
"1595",2,14,1,50,1.4,-0.21
"1596",2,16,0,50,1.4,0.36
"1597",2,16,0.1,50,1.4,0.34
"1598",2,16,0.15,50,1.4,0.29
"1599",2,16,0.2,50,1.4,0.25
"1600",2,16,0.3,50,1.4,0.2
"1601",2,16,0.4,50,1.4,0.17
"1602",2,16,0.5,50,1.4,0.14
"1603",2,16,1,50,1.4,0.06
"1604",2,18,0,50,1.4,0.6
"1605",2,18,0.1,50,1.4,0.58
"1606",2,18,0.15,50,1.4,0.54
"1607",2,18,0.2,50,1.4,0.51
"1608",2,18,0.3,50,1.4,0.46
"1609",2,18,0.4,50,1.4,0.43
"1610",2,18,0.5,50,1.4,0.41
"1611",2,18,1,50,1.4,0.34
"1612",2,20,0,50,1.4,0.85
"1613",2,20,0.1,50,1.4,0.83
"1614",2,20,0.15,50,1.4,0.79
"1615",2,20,0.2,50,1.4,0.77
"1616",2,20,0.3,50,1.4,0.73
"1617",2,20,0.4,50,1.4,0.7
"1618",2,20,0.5,50,1.4,0.68
"1619",2,20,1,50,1.4,0.62
"1620",2,22,0,50,1.4,1.11
"1621",2,22,0.1,50,1.4,1.08
"1622",2,22,0.15,50,1.4,1.05
"1623",2,22,0.2,50,1.4,1.03
"1624",2,22,0.3,50,1.4,0.99
"1625",2,22,0.4,50,1.4,0.97
"1626",2,22,0.5,50,1.4,0.95
"1627",2,22,1,50,1.4,0.91
"1628",2,24,0,50,1.4,1.36
"1629",2,24,0.1,50,1.4,1.34
"1630",2,24,0.15,50,1.4,1.31
"1631",2,24,0.2,50,1.4,1.29
"1632",2,24,0.3,50,1.4,1.27
"1633",2,24,0.4,50,1.4,1.25
"1634",2,24,0.5,50,1.4,1.23
"1635",2,24,1,50,1.4,1.19
"1636",0,23,0,50,1.6,-1.12
"1637",0,23,0.1,50,1.6,-1.12
"1638",0,23,0.15,50,1.6,-1.29
"1639",0,23,0.2,50,1.6,-1.57
"1640",0,24,0,50,1.6,-0.74
"1641",0,24,0.1,50,1.6,-0.74
"1642",0,24,0.15,50,1.6,-0.93
"1643",0,24,0.2,50,1.6,-1.18
"1644",0,25,0,50,1.6,-0.36
"1645",0,25,0.1,50,1.6,-0.36
"1646",0,25,0.15,50,1.6,-0.57
"1647",0,25,0.2,50,1.6,-0.79
"1648",0,26,0,50,1.6,0.01
"1649",0,26,0.1,50,1.6,0.01
"1650",0,26,0.15,50,1.6,-0.2
"1651",0,26,0.2,50,1.6,-0.4
"1652",0,27,0,50,1.6,0.38
"1653",0,27,0.1,50,1.6,0.37
"1654",0,27,0.15,50,1.6,0.17
"1655",0,27,0.2,50,1.6,0
"1656",0,28,0,50,1.6,0.75
"1657",0,28,0.1,50,1.6,0.7
"1658",0,28,0.15,50,1.6,0.53
"1659",0,28,0.2,50,1.6,0.39
"1660",0,29,0,50,1.6,1.11
"1661",0,29,0.1,50,1.6,1.04
"1662",0,29,0.15,50,1.6,0.9
"1663",0,29,0.2,50,1.6,0.79
"1664",0,30,0,50,1.6,1.46
"1665",0,30,0.1,50,1.6,1.38
"1666",0,30,0.15,50,1.6,1.27
"1667",0,30,0.2,50,1.6,1.19
"1668",0.25,16,0,50,1.6,-2.29
"1669",0.25,16,0.1,50,1.6,-2.29
"1670",0.25,16,0.15,50,1.6,-2.36
"1671",0.25,16,0.2,50,1.6,-2.62
"1672",0.25,18,0,50,1.6,-1.72
"1673",0.25,18,0.1,50,1.6,-1.72
"1674",0.25,18,0.15,50,1.6,-1.83
"1675",0.25,18,0.2,50,1.6,-2.06
"1676",0.25,18,0.3,50,1.6,-2.42
"1677",0.25,20,0,50,1.6,-1.15
"1678",0.25,20,0.1,50,1.6,-1.15
"1679",0.25,20,0.15,50,1.6,-1.29
"1680",0.25,20,0.2,50,1.6,-1.49
"1681",0.25,20,0.3,50,1.6,-1.8
"1682",0.25,20,0.4,50,1.6,-2.05
"1683",0.25,20,0.5,50,1.6,-2.26
"1684",0.25,22,0,50,1.6,-0.58
"1685",0.25,22,0.1,50,1.6,-0.58
"1686",0.25,22,0.15,50,1.6,-0.73
"1687",0.25,22,0.2,50,1.6,-0.9
"1688",0.25,22,0.3,50,1.6,-1.17
"1689",0.25,22,0.4,50,1.6,-1.38
"1690",0.25,22,0.5,50,1.6,-1.55
"1691",0.25,22,1,50,1.6,-2.17
"1692",0.25,24,0,50,1.6,-0.01
"1693",0.25,24,0.1,50,1.6,-0.01
"1694",0.25,24,0.15,50,1.6,-0.17
"1695",0.25,24,0.2,50,1.6,-0.31
"1696",0.25,24,0.3,50,1.6,-0.53
"1697",0.25,24,0.4,50,1.6,-0.7
"1698",0.25,24,0.5,50,1.6,-0.84
"1699",0.25,24,1,50,1.6,-1.35
"1700",0.25,26,0,50,1.6,0.56
"1701",0.25,26,0.1,50,1.6,0.53
"1702",0.25,26,0.15,50,1.6,0.39
"1703",0.25,26,0.2,50,1.6,0.29
"1704",0.25,26,0.3,50,1.6,0.12
"1705",0.25,26,0.4,50,1.6,-0.02
"1706",0.25,26,0.5,50,1.6,-0.13
"1707",0.25,26,1,50,1.6,-0.52
"1708",0.25,28,0,50,1.6,1.12
"1709",0.25,28,0.1,50,1.6,1.06
"1710",0.25,28,0.15,50,1.6,0.96
"1711",0.25,28,0.2,50,1.6,0.89
"1712",0.25,28,0.3,50,1.6,0.77
"1713",0.25,28,0.4,50,1.6,0.67
"1714",0.25,28,0.5,50,1.6,0.59
"1715",0.25,28,1,50,1.6,0.31
"1716",0.25,30,0,50,1.6,1.66
"1717",0.25,30,0.1,50,1.6,1.6
"1718",0.25,30,0.15,50,1.6,1.54
"1719",0.25,30,0.2,50,1.6,1.49
"1720",0.25,30,0.3,50,1.6,1.42
"1721",0.25,30,0.4,50,1.6,1.36
"1722",0.25,30,0.5,50,1.6,1.31
"1723",0.25,30,1,50,1.6,1.14
"1724",0.5,14,0,50,1.6,-1.85
"1725",0.5,14,0.1,50,1.6,-1.85
"1726",0.5,14,0.15,50,1.6,-1.94
"1727",0.5,14,0.2,50,1.6,-2.12
"1728",0.5,14,0.3,50,1.6,-2.4
"1729",0.5,16,0,50,1.6,-1.4
"1730",0.5,16,0.1,50,1.6,-1.4
"1731",0.5,16,0.15,50,1.6,-1.5
"1732",0.5,16,0.2,50,1.6,-1.67
"1733",0.5,16,0.3,50,1.6,-1.92
"1734",0.5,16,0.4,50,1.6,-2.11
"1735",0.5,16,0.5,50,1.6,-2.26
"1736",0.5,18,0,50,1.6,-0.95
"1737",0.5,18,0.1,50,1.6,-0.95
"1738",0.5,18,0.15,50,1.6,-1.07
"1739",0.5,18,0.2,50,1.6,-1.21
"1740",0.5,18,0.3,50,1.6,-1.43
"1741",0.5,18,0.4,50,1.6,-1.59
"1742",0.5,18,0.5,50,1.6,-1.73
"1743",0.5,18,1,50,1.6,-2.18
"1744",0.5,20,0,50,1.6,-0.49
"1745",0.5,20,0.1,50,1.6,-0.49
"1746",0.5,20,0.15,50,1.6,-0.62
"1747",0.5,20,0.2,50,1.6,-0.75
"1748",0.5,20,0.3,50,1.6,-0.94
"1749",0.5,20,0.4,50,1.6,-1.08
"1750",0.5,20,0.5,50,1.6,-1.2
"1751",0.5,20,1,50,1.6,-1.59
"1752",0.5,22,0,50,1.6,-0.03
"1753",0.5,22,0.1,50,1.6,-0.03
"1754",0.5,22,0.15,50,1.6,-0.16
"1755",0.5,22,0.2,50,1.6,-0.27
"1756",0.5,22,0.3,50,1.6,-0.43
"1757",0.5,22,0.4,50,1.6,-0.55
"1758",0.5,22,0.5,50,1.6,-0.65
"1759",0.5,22,1,50,1.6,-0.98
"1760",0.5,24,0,50,1.6,0.43
"1761",0.5,24,0.1,50,1.6,0.41
"1762",0.5,24,0.15,50,1.6,0.3
"1763",0.5,24,0.2,50,1.6,0.21
"1764",0.5,24,0.3,50,1.6,0.08
"1765",0.5,24,0.4,50,1.6,-0.02
"1766",0.5,24,0.5,50,1.6,-0.1
"1767",0.5,24,1,50,1.6,-0.37
"1768",0.5,26,0,50,1.6,0.89
"1769",0.5,26,0.1,50,1.6,0.85
"1770",0.5,26,0.15,50,1.6,0.76
"1771",0.5,26,0.2,50,1.6,0.7
"1772",0.5,26,0.3,50,1.6,0.6
"1773",0.5,26,0.4,50,1.6,0.52
"1774",0.5,26,0.5,50,1.6,0.46
"1775",0.5,26,1,50,1.6,0.25
"1776",0.5,28,0,50,1.6,1.34
"1777",0.5,28,0.1,50,1.6,1.29
"1778",0.5,28,0.15,50,1.6,1.23
"1779",0.5,28,0.2,50,1.6,1.18
"1780",0.5,28,0.3,50,1.6,1.11
"1781",0.5,28,0.4,50,1.6,1.06
"1782",0.5,28,0.5,50,1.6,1.01
"1783",0.5,28,1,50,1.6,0.86
"1784",0.75,14,0,50,1.6,-1.16
"1785",0.75,14,0.1,50,1.6,-1.16
"1786",0.75,14,0.15,50,1.6,-1.26
"1787",0.75,14,0.2,50,1.6,-1.38
"1788",0.75,14,0.3,50,1.6,-1.57
"1789",0.75,14,0.4,50,1.6,-1.71
"1790",0.75,14,0.5,50,1.6,-1.82
"1791",0.75,14,1,50,1.6,-2.17
"1792",0.75,16,0,50,1.6,-0.79
"1793",0.75,16,0.1,50,1.6,-0.79
"1794",0.75,16,0.15,50,1.6,-0.89
"1795",0.75,16,0.2,50,1.6,-1
"1796",0.75,16,0.3,50,1.6,-1.17
"1797",0.75,16,0.4,50,1.6,-1.29
"1798",0.75,16,0.5,50,1.6,-1.39
"1799",0.75,16,1,50,1.6,-1.7
"1800",0.75,18,0,50,1.6,-0.41
"1801",0.75,18,0.1,50,1.6,-0.41
"1802",0.75,18,0.15,50,1.6,-0.52
"1803",0.75,18,0.2,50,1.6,-0.62
"1804",0.75,18,0.3,50,1.6,-0.76
"1805",0.75,18,0.4,50,1.6,-0.87
"1806",0.75,18,0.5,50,1.6,-0.96
"1807",0.75,18,1,50,1.6,-1.23
"1808",0.75,20,0,50,1.6,-0.04
"1809",0.75,20,0.1,50,1.6,-0.04
"1810",0.75,20,0.15,50,1.6,-0.15
"1811",0.75,20,0.2,50,1.6,-0.23
"1812",0.75,20,0.3,50,1.6,-0.36
"1813",0.75,20,0.4,50,1.6,-0.45
"1814",0.75,20,0.5,50,1.6,-0.52
"1815",0.75,20,1,50,1.6,-0.76
"1816",0.75,22,0,50,1.6,0.35
"1817",0.75,22,0.1,50,1.6,0.33
"1818",0.75,22,0.15,50,1.6,0.24
"1819",0.75,22,0.2,50,1.6,0.17
"1820",0.75,22,0.3,50,1.6,0.07
"1821",0.75,22,0.4,50,1.6,-0.01
"1822",0.75,22,0.5,50,1.6,-0.07
"1823",0.75,22,1,50,1.6,-0.27
"1824",0.75,24,0,50,1.6,0.74
"1825",0.75,24,0.1,50,1.6,0.71
"1826",0.75,24,0.15,50,1.6,0.63
"1827",0.75,24,0.2,50,1.6,0.58
"1828",0.75,24,0.3,50,1.6,0.49
"1829",0.75,24,0.4,50,1.6,0.43
"1830",0.75,24,0.5,50,1.6,0.38
"1831",0.75,24,1,50,1.6,0.21
"1832",0.75,26,0,50,1.6,1.12
"1833",0.75,26,0.1,50,1.6,1.08
"1834",0.75,26,0.15,50,1.6,1.03
"1835",0.75,26,0.2,50,1.6,0.98
"1836",0.75,26,0.3,50,1.6,0.92
"1837",0.75,26,0.4,50,1.6,0.87
"1838",0.75,26,0.5,50,1.6,0.83
"1839",0.75,26,1,50,1.6,0.7
"1840",0.75,28,0,50,1.6,1.51
"1841",0.75,28,0.1,50,1.6,1.46
"1842",0.75,28,0.15,50,1.6,1.42
"1843",0.75,28,0.2,50,1.6,1.39
"1844",0.75,28,0.3,50,1.6,1.34
"1845",0.75,28,0.4,50,1.6,1.31
"1846",0.75,28,0.5,50,1.6,1.28
"1847",0.75,28,1,50,1.6,1.19
"1848",1,12,0,50,1.6,-1.01
"1849",1,12,0.1,50,1.6,-1.01
"1850",1,12,0.15,50,1.6,-1.1
"1851",1,12,0.2,50,1.6,-1.19
"1852",1,12,0.3,50,1.6,-1.34
"1853",1,12,0.4,50,1.6,-1.45
"1854",1,12,0.5,50,1.6,-1.53
"1855",1,12,1,50,1.6,-1.79
"1856",1,14,0,50,1.6,-0.68
"1857",1,14,0.1,50,1.6,-0.68
"1858",1,14,0.15,50,1.6,-0.78
"1859",1,14,0.2,50,1.6,-0.87
"1860",1,14,0.3,50,1.6,-1
"1861",1,14,0.4,50,1.6,-1.09
"1862",1,14,0.5,50,1.6,-1.17
"1863",1,14,1,50,1.6,-1.4
"1864",1,16,0,50,1.6,-0.36
"1865",1,16,0.1,50,1.6,-0.36
"1866",1,16,0.15,50,1.6,-0.46
"1867",1,16,0.2,50,1.6,-0.53
"1868",1,16,0.3,50,1.6,-0.65
"1869",1,16,0.4,50,1.6,-0.74
"1870",1,16,0.5,50,1.6,-0.8
"1871",1,16,1,50,1.6,-1.01
"1872",1,18,0,50,1.6,-0.04
"1873",1,18,0.1,50,1.6,-0.04
"1874",1,18,0.15,50,1.6,-0.13
"1875",1,18,0.2,50,1.6,-0.2
"1876",1,18,0.3,50,1.6,-0.3
"1877",1,18,0.4,50,1.6,-0.38
"1878",1,18,0.5,50,1.6,-0.44
"1879",1,18,1,50,1.6,-0.62
"1880",1,20,0,50,1.6,0.28
"1881",1,20,0.1,50,1.6,0.27
"1882",1,20,0.15,50,1.6,0.19
"1883",1,20,0.2,50,1.6,0.13
"1884",1,20,0.3,50,1.6,0.04
"1885",1,20,0.4,50,1.6,-0.02
"1886",1,20,0.5,50,1.6,-0.07
"1887",1,20,1,50,1.6,-0.23
"1888",1,22,0,50,1.6,0.62
"1889",1,22,0.1,50,1.6,0.59
"1890",1,22,0.15,50,1.6,0.53
"1891",1,22,0.2,50,1.6,0.48
"1892",1,22,0.3,50,1.6,0.41
"1893",1,22,0.4,50,1.6,0.35
"1894",1,22,0.5,50,1.6,0.31
"1895",1,22,1,50,1.6,0.17
"1896",1,24,0,50,1.6,0.96
"1897",1,24,0.1,50,1.6,0.92
"1898",1,24,0.15,50,1.6,0.87
"1899",1,24,0.2,50,1.6,0.83
"1900",1,24,0.3,50,1.6,0.77
"1901",1,24,0.4,50,1.6,0.73
"1902",1,24,0.5,50,1.6,0.69
"1903",1,24,1,50,1.6,0.58
"1904",1,26,0,50,1.6,1.29
"1905",1,26,0.1,50,1.6,1.25
"1906",1,26,0.15,50,1.6,1.21
"1907",1,26,0.2,50,1.6,1.18
"1908",1,26,0.3,50,1.6,1.14
"1909",1,26,0.4,50,1.6,1.1
"1910",1,26,0.5,50,1.6,1.07
"1911",1,26,1,50,1.6,0.99
"1912",1.5,10,0,50,1.6,-0.57
"1913",1.5,10,0.1,50,1.6,-0.57
"1914",1.5,10,0.15,50,1.6,-0.65
"1915",1.5,10,0.2,50,1.6,-0.71
"1916",1.5,10,0.3,50,1.6,-0.8
"1917",1.5,10,0.4,50,1.6,-0.86
"1918",1.5,10,0.5,50,1.6,-0.92
"1919",1.5,10,1,50,1.6,-1.07
"1920",1.5,12,0,50,1.6,-0.32
"1921",1.5,12,0.1,50,1.6,-0.32
"1922",1.5,12,0.15,50,1.6,-0.39
"1923",1.5,12,0.2,50,1.6,-0.45
"1924",1.5,12,0.3,50,1.6,-0.53
"1925",1.5,12,0.4,50,1.6,-0.59
"1926",1.5,12,0.5,50,1.6,-0.64
"1927",1.5,12,1,50,1.6,-0.78
"1928",1.5,14,0,50,1.6,-0.06
"1929",1.5,14,0.1,50,1.6,-0.07
"1930",1.5,14,0.15,50,1.6,-0.14
"1931",1.5,14,0.2,50,1.6,-0.19
"1932",1.5,14,0.3,50,1.6,-0.26
"1933",1.5,14,0.4,50,1.6,-0.31
"1934",1.5,14,0.5,50,1.6,-0.36
"1935",1.5,14,1,50,1.6,-0.48
"1936",1.5,16,0,50,1.6,0.19
"1937",1.5,16,0.1,50,1.6,0.18
"1938",1.5,16,0.15,50,1.6,0.12
"1939",1.5,16,0.2,50,1.6,0.07
"1940",1.5,16,0.3,50,1.6,0.01
"1941",1.5,16,0.4,50,1.6,-0.04
"1942",1.5,16,0.5,50,1.6,-0.07
"1943",1.5,16,1,50,1.6,-0.19
"1944",1.5,18,0,50,1.6,0.45
"1945",1.5,18,0.1,50,1.6,0.43
"1946",1.5,18,0.15,50,1.6,0.38
"1947",1.5,18,0.2,50,1.6,0.34
"1948",1.5,18,0.3,50,1.6,0.28
"1949",1.5,18,0.4,50,1.6,0.24
"1950",1.5,18,0.5,50,1.6,0.21
"1951",1.5,18,1,50,1.6,0.11
"1952",1.5,20,0,50,1.6,0.71
"1953",1.5,20,0.1,50,1.6,0.68
"1954",1.5,20,0.15,50,1.6,0.64
"1955",1.5,20,0.2,50,1.6,0.6
"1956",1.5,20,0.3,50,1.6,0.55
"1957",1.5,20,0.4,50,1.6,0.52
"1958",1.5,20,0.5,50,1.6,0.49
"1959",1.5,20,1,50,1.6,0.41
"1960",1.5,22,0,50,1.6,0.97
"1961",1.5,22,0.1,50,1.6,0.95
"1962",1.5,22,0.15,50,1.6,0.91
"1963",1.5,22,0.2,50,1.6,0.88
"1964",1.5,22,0.3,50,1.6,0.84
"1965",1.5,22,0.4,50,1.6,0.81
"1966",1.5,22,0.5,50,1.6,0.79
"1967",1.5,22,1,50,1.6,0.72
"1968",2,10,0,50,1.6,-0.08
"1969",2,10,0.1,50,1.6,-0.08
"1970",2,10,0.15,50,1.6,-0.14
"1971",2,10,0.2,50,1.6,-0.18
"1972",2,10,0.3,50,1.6,-0.24
"1973",2,10,0.4,50,1.6,-0.29
"1974",2,10,0.5,50,1.6,-0.32
"1975",2,10,1,50,1.6,-0.41
"1976",2,12,0,50,1.6,0.14
"1977",2,12,0.1,50,1.6,0.12
"1978",2,12,0.15,50,1.6,0.07
"1979",2,12,0.2,50,1.6,0.03
"1980",2,12,0.3,50,1.6,-0.02
"1981",2,12,0.4,50,1.6,-0.06
"1982",2,12,0.5,50,1.6,-0.09
"1983",2,12,1,50,1.6,-0.17
"1984",2,14,0,50,1.6,0.35
"1985",2,14,0.1,50,1.6,0.33
"1986",2,14,0.15,50,1.6,0.29
"1987",2,14,0.2,50,1.6,0.25
"1988",2,14,0.3,50,1.6,0.2
"1989",2,14,0.4,50,1.6,0.17
"1990",2,14,0.5,50,1.6,0.14
"1991",2,14,1,50,1.6,0.07
"1992",2,16,0,50,1.6,0.57
"1993",2,16,0.1,50,1.6,0.54
"1994",2,16,0.15,50,1.6,0.5
"1995",2,16,0.2,50,1.6,0.47
"1996",2,16,0.3,50,1.6,0.43
"1997",2,16,0.4,50,1.6,0.4
"1998",2,16,0.5,50,1.6,0.38
"1999",2,16,1,50,1.6,0.31
"2000",2,18,0,50,1.6,0.78
"2001",2,18,0.1,50,1.6,0.76
"2002",2,18,0.15,50,1.6,0.73
"2003",2,18,0.2,50,1.6,0.7
"2004",2,18,0.3,50,1.6,0.66
"2005",2,18,0.4,50,1.6,0.63
"2006",2,18,0.5,50,1.6,0.61
"2007",2,18,1,50,1.6,0.56
"2008",2,20,0,50,1.6,1
"2009",2,20,0.1,50,1.6,0.98
"2010",2,20,0.15,50,1.6,0.95
"2011",2,20,0.2,50,1.6,0.93
"2012",2,20,0.3,50,1.6,0.89
"2013",2,20,0.4,50,1.6,0.87
"2014",2,20,0.5,50,1.6,0.85
"2015",2,20,1,50,1.6,0.8
"2016",2,22,0,50,1.6,1.23
"2017",2,22,0.1,50,1.6,1.2
"2018",2,22,0.15,50,1.6,1.18
"2019",2,22,0.2,50,1.6,1.16
"2020",2,22,0.3,50,1.6,1.13
"2021",2,22,0.4,50,1.6,1.11
"2022",2,22,0.5,50,1.6,1.1
"2023",2,22,1,50,1.6,1.06
"2024",0,22,0,50,1.8,-1.05
"2025",0,22,0.1,50,1.8,-1.05
"2026",0,22,0.15,50,1.8,-1.19
"2027",0,22,0.2,50,1.8,-1.46
"2028",0,23,0,50,1.8,-0.7
"2029",0,23,0.1,50,1.8,-0.7
"2030",0,23,0.15,50,1.8,-0.86
"2031",0,23,0.2,50,1.8,-1.11
"2032",0,24,0,50,1.8,-0.36
"2033",0,24,0.1,50,1.8,-0.36
"2034",0,24,0.15,50,1.8,-0.53
"2035",0,24,0.2,50,1.8,-0.75
"2036",0,25,0,50,1.8,-0.01
"2037",0,25,0.1,50,1.8,-0.01
"2038",0,25,0.15,50,1.8,-0.2
"2039",0,25,0.2,50,1.8,-0.4
"2040",0,26,0,50,1.8,0.32
"2041",0,26,0.1,50,1.8,0.32
"2042",0,26,0.15,50,1.8,0.13
"2043",0,26,0.2,50,1.8,-0.04
"2044",0,27,0,50,1.8,0.66
"2045",0,27,0.1,50,1.8,0.63
"2046",0,27,0.15,50,1.8,0.46
"2047",0,27,0.2,50,1.8,0.32
"2048",0,28,0,50,1.8,0.99
"2049",0,28,0.1,50,1.8,0.94
"2050",0,28,0.15,50,1.8,0.8
"2051",0,28,0.2,50,1.8,0.68
"2052",0,29,0,50,1.8,1.31
"2053",0,29,0.1,50,1.8,1.25
"2054",0,29,0.15,50,1.8,1.13
"2055",0,29,0.2,50,1.8,1.04
"2056",0.25,16,0,50,1.8,-1.79
"2057",0.25,16,0.1,50,1.8,-1.79
"2058",0.25,16,0.15,50,1.8,-1.86
"2059",0.25,16,0.2,50,1.8,-2.09
"2060",0.25,16,0.3,50,1.8,-2.46
"2061",0.25,18,0,50,1.8,-1.28
"2062",0.25,18,0.1,50,1.8,-1.28
"2063",0.25,18,0.15,50,1.8,-1.38
"2064",0.25,18,0.2,50,1.8,-1.58
"2065",0.25,18,0.3,50,1.8,-1.9
"2066",0.25,18,0.4,50,1.8,-2.16
"2067",0.25,18,0.5,50,1.8,-2.36
"2068",0.25,20,0,50,1.8,-0.76
"2069",0.25,20,0.1,50,1.8,-0.76
"2070",0.25,20,0.15,50,1.8,-0.89
"2071",0.25,20,0.2,50,1.8,-1.06
"2072",0.25,20,0.3,50,1.8,-1.34
"2073",0.25,20,0.4,50,1.8,-1.56
"2074",0.25,20,0.5,50,1.8,-1.75
"2075",0.25,20,1,50,1.8,-2.39
"2076",0.25,22,0,50,1.8,-0.24
"2077",0.25,22,0.1,50,1.8,-0.24
"2078",0.25,22,0.15,50,1.8,-0.38
"2079",0.25,22,0.2,50,1.8,-0.53
"2080",0.25,22,0.3,50,1.8,-0.76
"2081",0.25,22,0.4,50,1.8,-0.95
"2082",0.25,22,0.5,50,1.8,-1.1
"2083",0.25,22,1,50,1.8,-1.65
"2084",0.25,24,0,50,1.8,0.38
"2085",0.25,24,0.1,50,1.8,0.38
"2086",0.25,24,0.15,50,1.8,0.13
"2087",0.25,24,0.2,50,1.8,0.01
"2088",0.25,24,0.3,50,1.8,-0.18
"2089",0.25,24,0.4,50,1.8,-0.33
"2090",0.25,24,0.5,50,1.8,-0.46
"2091",0.25,24,1,50,1.8,-0.9
"2092",0.25,26,0,50,1.8,0.79
"2093",0.25,26,0.1,50,1.8,0.76
"2094",0.25,26,0.15,50,1.8,0.64
"2095",0.25,26,0.2,50,1.8,0.55
"2096",0.25,26,0.3,50,1.8,0.4
"2097",0.25,26,0.4,50,1.8,0.29
"2098",0.25,26,0.5,50,1.8,0.19
"2099",0.25,26,1,50,1.8,-0.15
"2100",0.25,28,0,50,1.8,1.29
"2101",0.25,28,0.1,50,1.8,1.24
"2102",0.25,28,0.15,50,1.8,1.16
"2103",0.25,28,0.2,50,1.8,1.1
"2104",0.25,28,0.3,50,1.8,0.99
"2105",0.25,28,0.4,50,1.8,0.91
"2106",0.25,28,0.5,50,1.8,0.84
"2107",0.25,28,1,50,1.8,0.6
"2108",0.25,30,0,50,1.8,1.79
"2109",0.25,30,0.1,50,1.8,1.73
"2110",0.25,30,0.15,50,1.8,1.68
"2111",0.25,30,0.2,50,1.8,1.65
"2112",0.25,30,0.3,50,1.8,1.59
"2113",0.25,30,0.4,50,1.8,1.54
"2114",0.25,30,0.5,50,1.8,1.5
"2115",0.25,30,1,50,1.8,1.36
"2116",0.5,14,0,50,1.8,-1.42
"2117",0.5,14,0.1,50,1.8,-1.42
"2118",0.5,14,0.15,50,1.8,-1.5
"2119",0.5,14,0.2,50,1.8,-1.66
"2120",0.5,14,0.3,50,1.8,-1.91
"2121",0.5,14,0.4,50,1.8,-2.1
"2122",0.5,14,0.5,50,1.8,-2.25
"2123",0.5,16,0,50,1.8,-1.01
"2124",0.5,16,0.1,50,1.8,-1.01
"2125",0.5,16,0.15,50,1.8,-1.1
"2126",0.5,16,0.2,50,1.8,-1.25
"2127",0.5,16,0.3,50,1.8,-1.47
"2128",0.5,16,0.4,50,1.8,-1.64
"2129",0.5,16,0.5,50,1.8,-1.77
"2130",0.5,16,1,50,1.8,-2.23
"2131",0.5,18,0,50,1.8,-0.59
"2132",0.5,18,0.1,50,1.8,-0.59
"2133",0.5,18,0.15,50,1.8,-0.7
"2134",0.5,18,0.2,50,1.8,-0.83
"2135",0.5,18,0.3,50,1.8,-1.02
"2136",0.5,18,0.4,50,1.8,-1.17
"2137",0.5,18,0.5,50,1.8,-1.29
"2138",0.5,18,1,50,1.8,-1.69
"2139",0.5,20,0,50,1.8,-0.18
"2140",0.5,20,0.1,50,1.8,-0.18
"2141",0.5,20,0.15,50,1.8,-0.3
"2142",0.5,20,0.2,50,1.8,-0.41
"2143",0.5,20,0.3,50,1.8,-0.58
"2144",0.5,20,0.4,50,1.8,-0.71
"2145",0.5,20,0.5,50,1.8,-0.81
"2146",0.5,20,1,50,1.8,-1.15
"2147",0.5,22,0,50,1.8,0.24
"2148",0.5,22,0.1,50,1.8,0.23
"2149",0.5,22,0.15,50,1.8,0.12
"2150",0.5,22,0.2,50,1.8,0.02
"2151",0.5,22,0.3,50,1.8,-0.12
"2152",0.5,22,0.4,50,1.8,-0.22
"2153",0.5,22,0.5,50,1.8,-0.31
"2154",0.5,22,1,50,1.8,-0.6
"2155",0.5,24,0,50,1.8,0.66
"2156",0.5,24,0.1,50,1.8,0.63
"2157",0.5,24,0.15,50,1.8,0.54
"2158",0.5,24,0.2,50,1.8,0.46
"2159",0.5,24,0.3,50,1.8,0.35
"2160",0.5,24,0.4,50,1.8,0.26
"2161",0.5,24,0.5,50,1.8,0.19
"2162",0.5,24,1,50,1.8,-0.04
"2163",0.5,26,0,50,1.8,1.07
"2164",0.5,26,0.1,50,1.8,1.03
"2165",0.5,26,0.15,50,1.8,0.96
"2166",0.5,26,0.2,50,1.8,0.9
"2167",0.5,26,0.3,50,1.8,0.82
"2168",0.5,26,0.4,50,1.8,0.75
"2169",0.5,26,0.5,50,1.8,0.69
"2170",0.5,26,1,50,1.8,0.51
"2171",0.5,28,0,50,1.8,1.48
"2172",0.5,28,0.1,50,1.8,1.44
"2173",0.5,28,0.15,50,1.8,1.39
"2174",0.5,28,0.2,50,1.8,1.35
"2175",0.5,28,0.3,50,1.8,1.29
"2176",0.5,28,0.4,50,1.8,1.24
"2177",0.5,28,0.5,50,1.8,1.2
"2178",0.5,28,1,50,1.8,1.07
"2179",0.75,12,0,50,1.8,-1.15
"2180",0.75,12,0.1,50,1.8,-1.15
"2181",0.75,12,0.15,50,1.8,-1.23
"2182",0.75,12,0.2,50,1.8,-1.35
"2183",0.75,12,0.3,50,1.8,-1.53
"2184",0.75,12,0.4,50,1.8,-1.67
"2185",0.75,12,0.5,50,1.8,-1.78
"2186",0.75,12,1,50,1.8,-2.13
"2187",0.75,14,0,50,1.8,-0.81
"2188",0.75,14,0.1,50,1.8,-0.81
"2189",0.75,14,0.15,50,1.8,-0.89
"2190",0.75,14,0.2,50,1.8,-1
"2191",0.75,14,0.3,50,1.8,-1.17
"2192",0.75,14,0.4,50,1.8,-1.29
"2193",0.75,14,0.5,50,1.8,-1.39
"2194",0.75,14,1,50,1.8,-1.7
"2195",0.75,16,0,50,1.8,-0.46
"2196",0.75,16,0.1,50,1.8,-0.46
"2197",0.75,16,0.15,50,1.8,-0.56
"2198",0.75,16,0.2,50,1.8,-0.66
"2199",0.75,16,0.3,50,1.8,-0.8
"2200",0.75,16,0.4,50,1.8,-0.91
"2201",0.75,16,0.5,50,1.8,-1
"2202",0.75,16,1,50,1.8,-1.28
"2203",0.75,18,0,50,1.8,-0.12
"2204",0.75,18,0.1,50,1.8,-0.12
"2205",0.75,18,0.15,50,1.8,-0.22
"2206",0.75,18,0.2,50,1.8,-0.31
"2207",0.75,18,0.3,50,1.8,-0.43
"2208",0.75,18,0.4,50,1.8,-0.53
"2209",0.75,18,0.5,50,1.8,-0.61
"2210",0.75,18,1,50,1.8,-0.85
"2211",0.75,20,0,50,1.8,0.22
"2212",0.75,20,0.1,50,1.8,0.21
"2213",0.75,20,0.15,50,1.8,0.12
"2214",0.75,20,0.2,50,1.8,0.04
"2215",0.75,20,0.3,50,1.8,-0.07
"2216",0.75,20,0.4,50,1.8,-0.15
"2217",0.75,20,0.5,50,1.8,-0.21
"2218",0.75,20,1,50,1.8,-0.42
"2219",0.75,22,0,50,1.8,0.57
"2220",0.75,22,0.1,50,1.8,0.55
"2221",0.75,22,0.15,50,1.8,0.47
"2222",0.75,22,0.2,50,1.8,0.41
"2223",0.75,22,0.3,50,1.8,0.32
"2224",0.75,22,0.4,50,1.8,0.25
"2225",0.75,22,0.5,50,1.8,0.2
"2226",0.75,22,1,50,1.8,0.02
"2227",0.75,24,0,50,1.8,0.92
"2228",0.75,24,0.1,50,1.8,0.89
"2229",0.75,24,0.15,50,1.8,0.83
"2230",0.75,24,0.2,50,1.8,0.78
"2231",0.75,24,0.3,50,1.8,0.71
"2232",0.75,24,0.4,50,1.8,0.65
"2233",0.75,24,0.5,50,1.8,0.6
"2234",0.75,24,1,50,1.8,0.46
"2235",0.75,26,0,50,1.8,1.28
"2236",0.75,26,0.1,50,1.8,1.24
"2237",0.75,26,0.15,50,1.8,1.19
"2238",0.75,26,0.2,50,1.8,1.15
"2239",0.75,26,0.3,50,1.8,1.09
"2240",0.75,26,0.4,50,1.8,1.05
"2241",0.75,26,0.5,50,1.8,1.02
"2242",0.75,26,1,50,1.8,0.91
"2243",1,10,0,50,1.8,-0.97
"2244",1,10,0.1,50,1.8,-0.97
"2245",1,10,0.15,50,1.8,-1.04
"2246",1,10,0.2,50,1.8,-1.14
"2247",1,10,0.3,50,1.8,-1.28
"2248",1,10,0.4,50,1.8,-1.39
"2249",1,10,0.5,50,1.8,-1.47
"2250",1,10,1,50,1.8,-1.73
"2251",1,12,0,50,1.8,-0.68
"2252",1,12,0.1,50,1.8,-0.68
"2253",1,12,0.15,50,1.8,-0.76
"2254",1,12,0.2,50,1.8,-0.84
"2255",1,12,0.3,50,1.8,-0.97
"2256",1,12,0.4,50,1.8,-1.07
"2257",1,12,0.5,50,1.8,-1.14
"2258",1,12,1,50,1.8,-1.38
"2259",1,14,0,50,1.8,-0.38
"2260",1,14,0.1,50,1.8,-0.38
"2261",1,14,0.15,50,1.8,-0.46
"2262",1,14,0.2,50,1.8,-0.54
"2263",1,14,0.3,50,1.8,-0.66
"2264",1,14,0.4,50,1.8,-0.74
"2265",1,14,0.5,50,1.8,-0.81
"2266",1,14,1,50,1.8,-1.02
"2267",1,16,0,50,1.8,-0.09
"2268",1,16,0.1,50,1.8,-0.09
"2269",1,16,0.15,50,1.8,-0.17
"2270",1,16,0.2,50,1.8,-0.24
"2271",1,16,0.3,50,1.8,-0.35
"2272",1,16,0.4,50,1.8,-0.42
"2273",1,16,0.5,50,1.8,-0.48
"2274",1,16,1,50,1.8,-0.67
"2275",1,18,0,50,1.8,0.21
"2276",1,18,0.1,50,1.8,0.2
"2277",1,18,0.15,50,1.8,0.12
"2278",1,18,0.2,50,1.8,0.06
"2279",1,18,0.3,50,1.8,-0.03
"2280",1,18,0.4,50,1.8,-0.1
"2281",1,18,0.5,50,1.8,-0.15
"2282",1,18,1,50,1.8,-0.31
"2283",1,20,0,50,1.8,0.5
"2284",1,20,0.1,50,1.8,0.48
"2285",1,20,0.15,50,1.8,0.42
"2286",1,20,0.2,50,1.8,0.36
"2287",1,20,0.3,50,1.8,0.29
"2288",1,20,0.4,50,1.8,0.23
"2289",1,20,0.5,50,1.8,0.18
"2290",1,20,1,50,1.8,0.04
"2291",1,22,0,50,1.8,0.81
"2292",1,22,0.1,50,1.8,0.78
"2293",1,22,0.15,50,1.8,0.73
"2294",1,22,0.2,50,1.8,0.68
"2295",1,22,0.3,50,1.8,0.62
"2296",1,22,0.4,50,1.8,0.57
"2297",1,22,0.5,50,1.8,0.53
"2298",1,22,1,50,1.8,0.41
"2299",1,24,0,50,1.8,1.11
"2300",1,24,0.1,50,1.8,1.08
"2301",1,24,0.15,50,1.8,1.04
"2302",1,24,0.2,50,1.8,1
"2303",1,24,0.3,50,1.8,0.95
"2304",1,24,0.4,50,1.8,0.91
"2305",1,24,0.5,50,1.8,0.88
"2306",1,24,1,50,1.8,0.78
"2307",1.5,10,0,50,1.8,-0.29
"2308",1.5,10,0.1,50,1.8,-0.29
"2309",1.5,10,0.15,50,1.8,-0.36
"2310",1.5,10,0.2,50,1.8,-0.42
"2311",1.5,10,0.3,50,1.8,-0.5
"2312",1.5,10,0.4,50,1.8,-0.56
"2313",1.5,10,0.5,50,1.8,-0.6
"2314",1.5,10,1,50,1.8,-0.74
"2315",1.5,14,0,50,1.8,0.17
"2316",1.5,14,0.1,50,1.8,0.17
"2317",1.5,14,0.15,50,1.8,0.11
"2318",1.5,14,0.2,50,1.8,0.06
"2319",1.5,14,0.3,50,1.8,-0.01
"2320",1.5,14,0.4,50,1.8,-0.05
"2321",1.5,14,0.5,50,1.8,-0.09
"2322",1.5,14,1,50,1.8,-0.2
"2323",1.5,18,0,50,1.8,0.64
"2324",1.5,18,0.1,50,1.8,0.62
"2325",1.5,18,0.15,50,1.8,0.57
"2326",1.5,18,0.2,50,1.8,0.54
"2327",1.5,18,0.3,50,1.8,0.49
"2328",1.5,18,0.4,50,1.8,0.45
"2329",1.5,18,0.5,50,1.8,0.42
"2330",1.5,18,1,50,1.8,0.34
"2331",1.5,22,0,50,1.8,1.12
"2332",1.5,22,0.1,50,1.8,1.09
"2333",1.5,22,0.15,50,1.8,1.06
"2334",1.5,22,0.2,50,1.8,1.03
"2335",1.5,22,0.3,50,1.8,1
"2336",1.5,22,0.4,50,1.8,0.97
"2337",1.5,22,0.5,50,1.8,0.95
"2338",1.5,22,1,50,1.8,0.89
"2339",1.5,26,0,50,1.8,1.61
"2340",1.5,26,0.1,50,1.8,1.58
"2341",1.5,26,0.15,50,1.8,1.56
"2342",1.5,26,0.2,50,1.8,1.55
"2343",1.5,26,0.3,50,1.8,1.52
"2344",1.5,26,0.4,50,1.8,1.51
"2345",1.5,26,0.5,50,1.8,1.5
"2346",1.5,26,1,50,1.8,1.46
"2347",2,10,0,50,1.8,0.15
"2348",2,10,0.1,50,1.8,0.15
"2349",2,10,0.15,50,1.8,0.09
"2350",2,10,0.2,50,1.8,0.06
"2351",2,10,0.3,50,1.8,0
"2352",2,10,0.4,50,1.8,-0.03
"2353",2,10,0.5,50,1.8,-0.06
"2354",2,10,1,50,1.8,-0.15
"2355",2,14,0,50,1.8,0.54
"2356",2,14,0.1,50,1.8,0.53
"2357",2,14,0.15,50,1.8,0.49
"2358",2,14,0.2,50,1.8,0.46
"2359",2,14,0.3,50,1.8,0.41
"2360",2,14,0.4,50,1.8,0.38
"2361",2,14,0.5,50,1.8,0.36
"2362",2,14,1,50,1.8,0.29
"2363",2,18,0,50,1.8,0.94
"2364",2,18,0.1,50,1.8,0.92
"2365",2,18,0.15,50,1.8,0.89
"2366",2,18,0.2,50,1.8,0.86
"2367",2,18,0.3,50,1.8,0.83
"2368",2,18,0.4,50,1.8,0.81
"2369",2,18,0.5,50,1.8,0.79
"2370",2,18,1,50,1.8,0.74
"2371",2,22,0,50,1.8,1.35
"2372",2,22,0.1,50,1.8,1.32
"2373",2,22,0.15,50,1.8,1.3
"2374",2,22,0.2,50,1.8,1.28
"2375",2,22,0.3,50,1.8,1.26
"2376",2,22,0.4,50,1.8,1.24
"2377",2,22,0.5,50,1.8,1.23
"2378",2,22,1,50,1.8,1.19
"2379",2,26,0,50,1.8,1.76
"2380",2,26,0.1,50,1.8,1.74
"2381",2,26,0.15,50,1.8,1.73
"2382",2,26,0.2,50,1.8,1.72
"2383",2,26,0.3,50,1.8,1.7
"2384",2,26,0.4,50,1.8,1.7
"2385",2,26,0.5,50,1.8,1.69
"2386",2,26,1,50,1.8,1.66
"2387",0,18,0.1,50,2,-2
"2388",0,18,0.15,50,2,-2.02
"2389",0,18,0.2,50,2,-2.35
"2390",0,20,0.1,50,2,-1.35
"2391",0,20,0.15,50,2,-1.45
"2392",0,20,0.2,50,2,-1.72
"2393",0,22,0.1,50,2,-0.69
"2394",0,22,0.15,50,2,-0.82
"2395",0,22,0.2,50,2,-1.06
"2396",0,24,0.1,50,2,-0.04
"2397",0,24,0.15,50,2,-0.21
"2398",0,24,0.2,50,2,-0.41
"2399",0,26,0.1,50,2,0.59
"2400",0,26,0.15,50,2,0.41
"2401",0,26,0.2,50,2,0.26
"2402",0,28,0.1,50,2,1.16
"2403",0,28,0.15,50,2,1.03
"2404",0,28,0.2,50,2,0.93
"2405",0,30,0.1,50,2,1.73
"2406",0,30,0.15,50,2,1.66
"2407",0,30,0.2,50,2,1.6
"2408",0,32,0.1,50,2,2.33
"2409",0,32,0.15,50,2,2.32
"2410",0,32,0.2,50,2,2.31
"2411",0.25,16,0.1,50,2,-1.41
"2412",0.25,16,0.15,50,2,-1.48
"2413",0.25,16,0.2,50,2,-1.69
"2414",0.25,16,0.3,50,2,-2.02
"2415",0.25,16,0.4,50,2,-2.29
"2416",0.25,16,0.5,50,2,-2.51
"2417",0.25,18,0.1,50,2,-0.93
"2418",0.25,18,0.15,50,2,-1.03
"2419",0.25,18,0.2,50,2,-1.21
"2420",0.25,18,0.3,50,2,-1.5
"2421",0.25,18,0.4,50,2,-1.74
"2422",0.25,18,0.5,50,2,-1.93
"2423",0.25,18,1,50,2,-2.61
"2424",0.25,20,0.1,50,2,-0.45
"2425",0.25,20,0.15,50,2,-0.57
"2426",0.25,20,0.2,50,2,-0.73
"2427",0.25,20,0.3,50,2,-0.98
"2428",0.25,20,0.4,50,2,-1.18
"2429",0.25,20,0.5,50,2,-1.35
"2430",0.25,20,1,50,2,-1.93
"2431",0.25,22,0.1,50,2,0.04
"2432",0.25,22,0.15,50,2,-0.09
"2433",0.25,22,0.2,50,2,-0.23
"2434",0.25,22,0.3,50,2,-0.44
"2435",0.25,22,0.4,50,2,-0.61
"2436",0.25,22,0.5,50,2,-0.75
"2437",0.25,22,1,50,2,-1.24
"2438",0.25,24,0.1,50,2,0.52
"2439",0.25,24,0.15,50,2,0.38
"2440",0.25,24,0.2,50,2,0.28
"2441",0.25,24,0.3,50,2,0.1
"2442",0.25,24,0.4,50,2,-0.06
"2443",0.25,24,0.5,50,2,-0.14
"2444",0.25,24,1,50,2,-0.54
"2445",0.25,26,0.1,50,2,0.97
"2446",0.25,26,0.15,50,2,0.86
"2447",0.25,26,0.2,50,2,0.78
"2448",0.25,26,0.3,50,2,0.65
"2449",0.25,26,0.4,50,2,0.55
"2450",0.25,26,0.5,50,2,0.46
"2451",0.25,26,1,50,2,0.16
"2452",0.25,28,0.1,50,2,1.42
"2453",0.25,28,0.15,50,2,1.35
"2454",0.25,28,0.2,50,2,1.29
"2455",0.25,28,0.3,50,2,1.2
"2456",0.25,28,0.4,50,2,1.16
"2457",0.25,28,0.5,50,2,1.07
"2458",0.25,28,1,50,2,0.86
"2459",0.25,30,0.1,50,2,1.88
"2460",0.25,30,0.15,50,2,1.84
"2461",0.25,30,0.2,50,2,1.81
"2462",0.25,30,0.3,50,2,1.76
"2463",0.25,30,0.4,50,2,1.72
"2464",0.25,30,0.5,50,2,1.68
"2465",0.25,30,1,50,2,1.57
"2466",0.5,14,0.1,50,2,-1.08
"2467",0.5,14,0.15,50,2,-1.16
"2468",0.5,14,0.2,50,2,-1.31
"2469",0.5,14,0.3,50,2,-1.53
"2470",0.5,14,0.4,50,2,-1.71
"2471",0.5,14,0.5,50,2,-1.85
"2472",0.5,14,1,50,2,-2.32
"2473",0.5,16,0.1,50,2,-0.69
"2474",0.5,16,0.15,50,2,-0.79
"2475",0.5,16,0.2,50,2,-0.92
"2476",0.5,16,0.3,50,2,-1.12
"2477",0.5,16,0.4,50,2,-1.27
"2478",0.5,16,0.5,50,2,-1.4
"2479",0.5,16,1,50,2,-1.82
"2480",0.5,18,0.1,50,2,-0.31
"2481",0.5,18,0.15,50,2,-0.41
"2482",0.5,18,0.2,50,2,-0.53
"2483",0.5,18,0.3,50,2,-0.7
"2484",0.5,18,0.4,50,2,-0.84
"2485",0.5,18,0.5,50,2,-0.95
"2486",0.5,18,1,50,2,-1.31
"2487",0.5,20,0.1,50,2,0.07
"2488",0.5,20,0.15,50,2,-0.04
"2489",0.5,20,0.2,50,2,-0.14
"2490",0.5,20,0.3,50,2,-0.29
"2491",0.5,20,0.4,50,2,-0.4
"2492",0.5,20,0.5,50,2,-0.5
"2493",0.5,20,1,50,2,-0.81
"2494",0.5,22,0.1,50,2,0.46
"2495",0.5,22,0.15,50,2,0.35
"2496",0.5,22,0.2,50,2,0.27
"2497",0.5,22,0.3,50,2,0.15
"2498",0.5,22,0.4,50,2,0.05
"2499",0.5,22,0.5,50,2,-0.03
"2500",0.5,22,1,50,2,-0.29
"2501",0.5,24,0.1,50,2,0.83
"2502",0.5,24,0.15,50,2,0.75
"2503",0.5,24,0.2,50,2,0.68
"2504",0.5,24,0.3,50,2,0.58
"2505",0.5,24,0.4,50,2,0.5
"2506",0.5,24,0.5,50,2,0.44
"2507",0.5,24,1,50,2,0.23
"2508",0.5,26,0.1,50,2,1.21
"2509",0.5,26,0.15,50,2,1.15
"2510",0.5,26,0.2,50,2,1.1
"2511",0.5,26,0.3,50,2,1.02
"2512",0.5,26,0.4,50,2,0.96
"2513",0.5,26,0.5,50,2,0.91
"2514",0.5,26,1,50,2,0.75
"2515",0.5,28,0.1,50,2,1.59
"2516",0.5,28,0.15,50,2,1.55
"2517",0.5,28,0.2,50,2,1.51
"2518",0.5,28,0.3,50,2,1.46
"2519",0.5,28,0.4,50,2,1.42
"2520",0.5,28,0.5,50,2,1.38
"2521",0.5,28,1,50,2,1.27
"2522",0.75,10,0.1,50,2,-1.16
"2523",0.75,10,0.15,50,2,-1.23
"2524",0.75,10,0.2,50,2,-1.35
"2525",0.75,10,0.3,50,2,-1.54
"2526",0.75,10,0.4,50,2,-1.67
"2527",0.75,10,0.5,50,2,-1.78
"2528",0.75,10,1,50,2,-2.14
"2529",0.75,12,0.1,50,2,-0.84
"2530",0.75,12,0.15,50,2,-0.92
"2531",0.75,12,0.2,50,2,-1.03
"2532",0.75,12,0.3,50,2,-1.2
"2533",0.75,12,0.4,50,2,-1.23
"2534",0.75,12,0.5,50,2,-1.42
"2535",0.75,12,1,50,2,-1.74
"2536",0.75,14,0.1,50,2,-0.52
"2537",0.75,14,0.15,50,2,-0.6
"2538",0.75,14,0.2,50,2,-0.7
"2539",0.75,14,0.3,50,2,-0.85
"2540",0.75,14,0.4,50,2,-0.97
"2541",0.75,14,0.5,50,2,-1.06
"2542",0.75,14,1,50,2,-1.34
"2543",0.75,16,0.1,50,2,-0.2
"2544",0.75,16,0.15,50,2,-0.29
"2545",0.75,16,0.2,50,2,-0.38
"2546",0.75,16,0.3,50,2,-0.51
"2547",0.75,16,0.4,50,2,-0.61
"2548",0.75,16,0.5,50,2,-0.69
"2549",0.75,16,1,50,2,-0.95
"2550",0.75,18,0.1,50,2,0.12
"2551",0.75,18,0.15,50,2,0.06
"2552",0.75,18,0.2,50,2,-0.06
"2553",0.75,18,0.3,50,2,-0.17
"2554",0.75,18,0.4,50,2,-0.26
"2555",0.75,18,0.5,50,2,-0.32
"2556",0.75,18,1,50,2,-0.55
"2557",0.75,20,0.1,50,2,0.43
"2558",0.75,20,0.15,50,2,0.34
"2559",0.75,20,0.2,50,2,0.28
"2560",0.75,20,0.3,50,2,0.18
"2561",0.75,20,0.4,50,2,0.1
"2562",0.75,20,0.5,50,2,0.04
"2563",0.75,20,1,50,2,-0.15
"2564",0.75,22,0.1,50,2,0.75
"2565",0.75,22,0.15,50,2,0.68
"2566",0.75,22,0.2,50,2,0.62
"2567",0.75,22,0.3,50,2,0.54
"2568",0.75,22,0.4,50,2,0.48
"2569",0.75,22,0.5,50,2,0.43
"2570",0.75,22,1,50,2,0.27
"2571",0.75,24,0.1,50,2,1.07
"2572",0.75,24,0.15,50,2,1.01
"2573",0.75,24,0.2,50,2,0.97
"2574",0.75,24,0.3,50,2,0.9
"2575",0.75,24,0.4,50,2,0.85
"2576",0.75,24,0.5,50,2,0.81
"2577",0.75,24,1,50,2,0.68
"2578",1,10,0.1,50,2,-0.68
"2579",1,10,0.15,50,2,-0.75
"2580",1,10,0.2,50,2,-0.84
"2581",1,10,0.3,50,2,-0.97
"2582",1,10,0.4,50,2,-1.07
"2583",1,10,0.5,50,2,-1.15
"2584",1,10,1,50,2,-1.38
"2585",1,12,0.1,50,2,-0.41
"2586",1,12,0.15,50,2,-0.48
"2587",1,12,0.2,50,2,-0.56
"2588",1,12,0.3,50,2,-0.68
"2589",1,12,0.4,50,2,-0.77
"2590",1,12,0.5,50,2,-0.84
"2591",1,12,1,50,2,-1.05
"2592",1,14,0.1,50,2,-0.16
"2593",1,14,0.15,50,2,-0.21
"2594",1,14,0.2,50,2,-0.28
"2595",1,14,0.3,50,2,-0.39
"2596",1,14,0.4,50,2,-0.47
"2597",1,14,0.5,50,2,-0.53
"2598",1,14,1,50,2,-0.72
"2599",1,16,0.1,50,2,0.14
"2600",1,16,0.15,50,2,0.06
"2601",1,16,0.2,50,2,0
"2602",1,16,0.3,50,2,-0.1
"2603",1,16,0.4,50,2,-0.16
"2604",1,16,0.5,50,2,-0.22
"2605",1,16,1,50,2,-0.39
"2606",1,18,0.1,50,2,0.41
"2607",1,18,0.15,50,2,0.34
"2608",1,18,0.2,50,2,0.28
"2609",1,18,0.3,50,2,0.2
"2610",1,18,0.4,50,2,0.14
"2611",1,18,0.5,50,2,0.09
"2612",1,18,1,50,2,-0.06
"2613",1,20,0.1,50,2,0.68
"2614",1,20,0.15,50,2,0.61
"2615",1,20,0.2,50,2,0.57
"2616",1,20,0.3,50,2,0.5
"2617",1,20,0.4,50,2,0.44
"2618",1,20,0.5,50,2,0.4
"2619",1,20,1,50,2,0.28
"2620",1,22,0.1,50,2,0.96
"2621",1,22,0.15,50,2,0.91
"2622",1,22,0.2,50,2,0.87
"2623",1,22,0.3,50,2,0.81
"2624",1,22,0.4,50,2,0.76
"2625",1,22,0.5,50,2,0.73
"2626",1,22,1,50,2,0.62
"2627",1.5,10,0.1,50,2,-0.04
"2628",1.5,10,0.15,50,2,-0.11
"2629",1.5,10,0.2,50,2,-0.16
"2630",1.5,10,0.3,50,2,-0.24
"2631",1.5,10,0.4,50,2,-0.29
"2632",1.5,10,0.5,50,2,-0.33
"2633",1.5,10,1,50,2,-0.46
"2634",1.5,14,0.1,50,2,0.39
"2635",1.5,14,0.15,50,2,0.33
"2636",1.5,14,0.2,50,2,0.29
"2637",1.5,14,0.3,50,2,0.23
"2638",1.5,14,0.4,50,2,0.18
"2639",1.5,14,0.5,50,2,0.15
"2640",1.5,14,1,50,2,0.04
"2641",1.5,18,0.1,50,2,0.82
"2642",1.5,18,0.15,50,2,0.78
"2643",1.5,18,0.2,50,2,0.75
"2644",1.5,18,0.3,50,2,0.7
"2645",1.5,18,0.4,50,2,0.66
"2646",1.5,18,0.5,50,2,0.64
"2647",1.5,18,1,50,2,0.56
"2648",1.5,22,0.1,50,2,1.27
"2649",1.5,22,0.15,50,2,1.24
"2650",1.5,22,0.2,50,2,1.22
"2651",1.5,22,0.3,50,2,1.18
"2652",1.5,22,0.4,50,2,1.16
"2653",1.5,22,0.5,50,2,1.14
"2654",1.5,22,1,50,2,1.08
"2655",2,10,0.1,50,2,0.34
"2656",2,10,0.15,50,2,0.3
"2657",2,10,0.2,50,2,0.26
"2658",2,10,0.3,50,2,0.21
"2659",2,10,0.4,50,2,0.18
"2660",2,10,0.5,50,2,0.15
"2661",2,10,1,50,2,0.07
"2662",2,14,0.1,50,2,0.7
"2663",2,14,0.15,50,2,0.66
"2664",2,14,0.2,50,2,0.64
"2665",2,14,0.3,50,2,0.6
"2666",2,14,0.4,50,2,0.57
"2667",2,14,0.5,50,2,0.55
"2668",2,14,1,50,2,0.49
"2669",2,18,0.1,50,2,1.07
"2670",2,18,0.15,50,2,1.04
"2671",2,18,0.2,50,2,1.02
"2672",2,18,0.3,50,2,0.99
"2673",2,18,0.4,50,2,0.97
"2674",2,18,0.5,50,2,0.95
"2675",2,18,1,50,2,0.9
"2676",2,22,0.1,50,2,1.45
"2677",2,22,0.15,50,2,1.42
"2678",2,22,0.2,50,2,1.42
"2679",2,22,0.3,50,2,1.39
"2680",2,22,0.4,50,2,1.38
"2681",2,22,0.5,50,2,1.37
"2682",2,22,1,50,2,1.33
"2683",0,14,0.2,50,3,-1.92
"2684",0,14,0.3,50,3,-2.49
"2685",0,16,0.2,50,3,-1.36
"2686",0,16,0.3,50,3,-1.87
"2687",0,18,0.2,50,3,-0.8
"2688",0,18,0.3,50,3,-1.24
"2689",0,20,0.2,50,3,-0.24
"2690",0,20,0.3,50,3,-0.61
"2691",0,22,0.2,50,3,0.34
"2692",0,22,0.3,50,3,0.04
"2693",0,24,0.2,50,3,0.93
"2694",0,24,0.3,50,3,0.7
"2695",0,26,0.2,50,3,1.52
"2696",0,26,0.3,50,3,1.36
"2697",0,28,0.2,50,3,2.12
"2698",0,28,0.3,50,3,2.02
"2699",0.25,12,0.2,50,3,-1.19
"2700",0.25,12,0.3,50,3,-1.53
"2701",0.25,12,0.4,50,3,-1.8
"2702",0.25,12,0.5,50,3,-2.02
"2703",0.25,14,0.2,50,3,-0.77
"2704",0.25,14,0.3,50,3,-1.07
"2705",0.25,14,0.4,50,3,-1.31
"2706",0.25,14,0.5,50,3,-1.51
"2707",0.25,14,1,50,3,-2.21
"2708",0.25,16,0.2,50,3,-0.35
"2709",0.25,16,0.3,50,3,-0.61
"2710",0.25,16,0.4,50,3,-0.82
"2711",0.25,16,0.5,50,3,-1
"2712",0.25,16,1,50,3,-1.61
"2713",0.25,18,0.2,50,3,0.08
"2714",0.25,18,0.3,50,3,-0.15
"2715",0.25,18,0.4,50,3,-0.33
"2716",0.25,18,0.5,50,3,-0.48
"2717",0.25,18,1,50,3,-1.01
"2718",0.25,20,0.2,50,3,0.51
"2719",0.25,20,0.3,50,3,0.32
"2720",0.25,20,0.4,50,3,0.17
"2721",0.25,20,0.5,50,3,0.04
"2722",0.25,20,1,50,3,-0.41
"2723",0.25,22,0.2,50,3,0.96
"2724",0.25,22,0.3,50,3,0.8
"2725",0.25,22,0.4,50,3,0.68
"2726",0.25,22,0.5,50,3,0.57
"2727",0.25,22,1,50,3,0.21
"2728",0.25,24,0.2,50,3,1.41
"2729",0.25,24,0.3,50,3,1.29
"2730",0.25,24,0.4,50,3,1.19
"2731",0.25,24,0.5,50,3,1.11
"2732",0.25,24,1,50,3,0.83
"2733",0.25,26,0.2,50,3,1.87
"2734",0.25,26,0.3,50,3,1.78
"2735",0.25,26,0.4,50,3,1.71
"2736",0.25,26,0.5,50,3,1.65
"2737",0.25,26,1,50,3,1.45
"2738",0.5,10,0.2,50,3,-0.78
"2739",0.5,10,0.3,50,3,-1
"2740",0.5,10,0.4,50,3,-1.18
"2741",0.5,10,0.5,50,3,-1.32
"2742",0.5,10,1,50,3,-1.79
"2743",0.5,12,0.2,50,3,-0.43
"2744",0.5,12,0.3,50,3,-0.64
"2745",0.5,12,0.4,50,3,-0.79
"2746",0.5,12,0.5,50,3,-0.92
"2747",0.5,12,1,50,3,-1.34
"2748",0.5,14,0.2,50,3,-0.09
"2749",0.5,14,0.3,50,3,-0.27
"2750",0.5,14,0.4,50,3,-0.41
"2751",0.5,14,0.5,50,3,-0.52
"2752",0.5,14,1,50,3,-0.9
"2753",0.5,16,0.2,50,3,0.26
"2754",0.5,16,0.3,50,3,0.1
"2755",0.5,16,0.4,50,3,-0.02
"2756",0.5,16,0.5,50,3,-0.12
"2757",0.5,16,1,50,3,-0.45
"2758",0.5,18,0.2,50,3,0.62
"2759",0.5,18,0.3,50,3,0.47
"2760",0.5,18,0.4,50,3,0.37
"2761",0.5,18,0.5,50,3,0.28
"2762",0.5,18,1,50,3,0
"2763",0.5,20,0.2,50,3,0.96
"2764",0.5,20,0.3,50,3,0.85
"2765",0.5,20,0.4,50,3,0.76
"2766",0.5,20,0.5,50,3,0.68
"2767",0.5,20,1,50,3,0.45
"2768",0.5,22,0.2,50,3,1.33
"2769",0.5,22,0.3,50,3,1.24
"2770",0.5,22,0.4,50,3,1.16
"2771",0.5,22,0.5,50,3,1.1
"2772",0.5,22,1,50,3,0.91
"2773",0.5,24,0.2,50,3,1.7
"2774",0.5,24,0.3,50,3,1.63
"2775",0.5,24,0.4,50,3,1.57
"2776",0.5,24,0.5,50,3,1.53
"2777",0.5,24,1,50,3,1.38
"2778",0.75,10,0.2,50,3,-0.19
"2779",0.75,10,0.3,50,3,-0.34
"2780",0.75,10,0.4,50,3,-0.45
"2781",0.75,10,0.5,50,3,-0.54
"2782",0.75,10,1,50,3,-0.83
"2783",0.75,12,0.2,50,3,0.1
"2784",0.75,12,0.3,50,3,-0.03
"2785",0.75,12,0.4,50,3,-0.14
"2786",0.75,12,0.5,50,3,-0.22
"2787",0.75,12,1,50,3,-0.48
"2788",0.75,14,0.2,50,3,0.39
"2789",0.75,14,0.3,50,3,0.27
"2790",0.75,14,0.4,50,3,0.18
"2791",0.75,14,0.5,50,3,0.11
"2792",0.75,14,1,50,3,-0.12
"2793",0.75,16,0.2,50,3,0.69
"2794",0.75,16,0.3,50,3,0.58
"2795",0.75,16,0.4,50,3,0.5
"2796",0.75,16,0.5,50,3,0.44
"2797",0.75,16,1,50,3,0.24
"2798",0.75,18,0.2,50,3,0.98
"2799",0.75,18,0.3,50,3,0.89
"2800",0.75,18,0.4,50,3,0.82
"2801",0.75,18,0.5,50,3,0.77
"2802",0.75,18,1,50,3,0.59
"2803",0.75,20,0.2,50,3,1.28
"2804",0.75,20,0.3,50,3,1.2
"2805",0.75,20,0.4,50,3,1.14
"2806",0.75,20,0.5,50,3,1.1
"2807",0.75,20,1,50,3,0.95
"2808",1,10,0.2,50,3,0.22
"2809",1,10,0.3,50,3,0.12
"2810",1,10,0.4,50,3,0.04
"2811",1,10,0.5,50,3,-0.02
"2812",1,10,1,50,3,-0.22
"2813",1,14,0.2,50,3,0.73
"2814",1,14,0.3,50,3,0.64
"2815",1,14,0.4,50,3,0.58
"2816",1,14,0.5,50,3,0.53
"2817",1,14,1,50,3,0.38
"2818",1,18,0.2,50,3,1.24
"2819",1,18,0.3,50,3,1.18
"2820",1,18,0.4,50,3,1.13
"2821",1,18,0.5,50,3,1.09
"2822",1,18,1,50,3,0.97
"2823",1,22,0.2,50,3,1.77
"2824",1,22,0.3,50,3,1.73
"2825",1,22,0.4,50,3,1.69
"2826",1,22,0.5,50,3,1.67
"2827",1,22,1,50,3,1.59
"2828",1.5,10,0.2,50,3,0.76
"2829",1.5,10,0.3,50,3,0.7
"2830",1.5,10,0.4,50,3,0.66
"2831",1.5,10,0.5,50,3,0.62
"2832",1.5,10,1,50,3,0.52
"2833",1.5,14,0.2,50,3,1.17
"2834",1.5,14,0.3,50,3,1.12
"2835",1.5,14,0.4,50,3,1.09
"2836",1.5,14,0.5,50,3,1.06
"2837",1.5,14,1,50,3,0.98
"2838",1.5,18,0.2,50,3,1.58
"2839",1.5,18,0.3,50,3,1.54
"2840",1.5,18,0.4,50,3,1.52
"2841",1.5,18,0.5,50,3,1.5
"2842",1.5,18,1,50,3,1.44
"2843",2,10,0.2,50,3,1.14
"2844",2,10,0.3,50,3,1.1
"2845",2,10,0.4,50,3,1.07
"2846",2,10,0.5,50,3,1.05
"2847",2,10,1,50,3,0.99
"2848",2,14,0.2,50,3,1.48
"2849",2,14,0.3,50,3,1.45
"2850",2,14,0.4,50,3,1.46
"2851",2,14,0.5,50,3,1.41
"2852",2,14,1,50,3,1.36
"2853",2,18,0.2,50,3,1.84
"2854",2,18,0.3,50,3,1.81
"2855",2,18,0.4,50,3,1.8
"2856",2,18,0.5,50,3,1.79
"2857",2,18,1,50,3,1.75
"2858",0,12,0.4,50,4,-2.22
"2859",0,12,0.5,50,4,-2.66
"2860",0,14,0.4,50,4,-1.55
"2861",0,14,0.5,50,4,-1.93
"2862",0,16,0.4,50,4,-0.86
"2863",0,16,0.5,50,4,-1.2
"2864",0,16,1,50,4,-2.51
"2865",0,18,0.4,50,4,-0.18
"2866",0,18,0.5,50,4,-0.46
"2867",0,18,1,50,4,-1.57
"2868",0,20,0.4,50,4,0.52
"2869",0,20,0.5,50,4,0.29
"2870",0,20,1,50,4,-0.63
"2871",0,22,0.4,50,4,1.22
"2872",0,22,0.5,50,4,1.04
"2873",0,22,1,50,4,0.33
"2874",0,24,0.4,50,4,1.94
"2875",0,24,0.5,50,4,1.81
"2876",0,24,1,50,4,1.29
"2877",0,26,0.4,50,4,2.66
"2878",0,26,0.5,50,4,2.58
"2879",0,26,1,50,4,2.26
"2880",0.25,10,0.4,50,4,-1.06
"2881",0.25,10,0.5,50,4,-1.29
"2882",0.25,10,1,50,4,-2.09
"2883",0.25,12,0.4,50,4,-0.57
"2884",0.25,12,0.5,50,4,-0.78
"2885",0.25,12,1,50,4,-1.5
"2886",0.25,14,0.4,50,4,-0.08
"2887",0.25,14,0.5,50,4,-0.27
"2888",0.25,14,1,50,4,-0.9
"2889",0.25,16,0.4,50,4,0.41
"2890",0.25,16,0.5,50,4,0.25
"2891",0.25,16,1,50,4,-0.29
"2892",0.25,18,0.4,50,4,0.91
"2893",0.25,18,0.5,50,4,0.78
"2894",0.25,18,1,50,4,0.31
"2895",0.25,20,0.4,50,4,1.42
"2896",0.25,20,0.5,50,4,1.31
"2897",0.25,20,1,50,4,0.93
"2898",0.25,22,0.4,50,4,1.93
"2899",0.25,22,0.5,50,4,1.84
"2900",0.25,22,1,50,4,1.55
"2901",0.25,24,0.4,50,4,2.45
"2902",0.25,24,0.5,50,4,2.39
"2903",0.25,24,1,50,4,2.17
"2904",0.5,10,0.4,50,4,-0.06
"2905",0.5,10,0.5,50,4,-0.19
"2906",0.5,10,1,50,4,-0.62
"2907",0.5,12,0.4,50,4,0.33
"2908",0.5,12,0.5,50,4,0.21
"2909",0.5,12,1,50,4,-0.18
"2910",0.5,14,0.4,50,4,0.72
"2911",0.5,14,0.5,50,4,0.61
"2912",0.5,14,1,50,4,0.24
"2913",0.5,16,0.4,50,4,1.11
"2914",0.5,16,0.5,50,4,1.02
"2915",0.5,16,1,50,4,0.73
"2916",0.5,18,0.4,50,4,1.51
"2917",0.5,18,0.5,50,4,1.43
"2918",0.5,18,1,50,4,1.18
"2919",0.5,20,0.4,50,4,1.91
"2920",0.5,20,0.5,50,4,1.85
"2921",0.5,20,1,50,4,1.7
"2922",0.5,22,0.4,50,4,2.23
"2923",0.5,22,0.5,50,4,2.19
"2924",0.5,22,1,50,4,2.07
"2925",0.75,10,0.4,50,4,0.6
"2926",0.75,10,0.5,50,4,0.52
"2927",0.75,10,1,50,4,0.25
"2928",0.75,12,0.4,50,4,0.92
"2929",0.75,12,0.5,50,4,0.84
"2930",0.75,12,1,50,4,0.61
"2931",0.75,14,0.4,50,4,1.24
"2932",0.75,14,0.5,50,4,1.18
"2933",0.75,14,1,50,4,0.97
"2934",0.75,16,0.4,50,4,1.57
"2935",0.75,16,0.5,50,4,1.51
"2936",0.75,16,1,50,4,1.33
"2937",0.75,18,0.4,50,4,1.9
"2938",0.75,18,0.5,50,4,1.85
"2939",0.75,18,1,50,4,1.7
"2940",0.75,20,0.4,50,4,2.23
"2941",0.75,20,0.5,50,4,2.19
"2942",0.75,20,1,50,4,2.07
"2943",1,10,0.4,50,4,1.04
"2944",1,10,0.5,50,4,0.99
"2945",1,10,1,50,4,0.81
"2946",1,14,0.4,50,4,1.6
"2947",1,14,0.5,50,4,1.55
"2948",1,14,1,50,4,1.41
"2949",1,18,0.4,50,4,2.16
"2950",1,18,0.5,50,4,2.13
"2951",1,18,1,50,4,2.03
"2952",1.5,10,0.4,50,4,1.61
"2953",1.5,10,0.5,50,4,1.58
"2954",1.5,10,1,50,4,1.48
"2955",1.5,14,0.4,50,4,2.05
"2956",1.5,14,0.5,50,4,2.02
"2957",1.5,14,1,50,4,1.95
"2958",2,10,0.4,50,4,1.95
"2959",2,10,0.5,50,4,1.94
"2960",2,10,1,50,4,1.88
"2961",2,14,0.4,50,4,2.32
"2962",2,14,0.5,50,4,2.31
"2963",2,14,1,50,4,2.26